0,0x12b9bf732cd1e577a7bb256ab3deed00e82a0709,EYE,EYE,18
1,0xe291c8bedfc68ec4de27b7faa56693f493083f21,Scarcity,SCX,18
2,0x729f486266baa402ab0a1f0fd8372cd9c6dbcf3d,DecentraWeb,DWEB,18
3,0x7b79995e5f793a07bc00c21412e50ecae098e7f9,Wrapped Ether,WETH,18
4,0x998012548a2dd8e41b96470d19e53da42e2f3d7a,YYY token,YYY,18
5,0xfff9976782d46cc05630d1f6ebab18b2324d6b14,Wrapped Ether,WETH,18
6,0x9ced894d8eb1b9cef2e809897d65a9cc2f532352,Base,BASE,18
7,0xe0ed6cf708f540cfaf4c446770e2b1654507a75b,TestUSDT,TUSDT,6
8,0xd88906cea199204d414f436d9276a6b4ac5c55f3,Test BBB,BBB,18
9,0xb85cc682799da5d0de205347c8165c322e455318,Dazai,DAZ,18
10,0xef6566ad6004015927992560c47bf1b31007643a,Chuyya,CHYA,18
11,0x1fa4e3e0cd1c2ff41616925e509e381e4d1b73f7,mus,MSRS,9
12,0x5666efcdc2309cc362d5c4a7929f961168461538,mus,MSRS,9
13,0xe46cc39eb8f7f66f06ede3d21a614df8a2e9c537,mus,MSRS,9
14,0x7b527fdacb34317cfcec1bb0b125810ccd95e026,Model Token SD,SD,18
15,0x8da07cca8eecc0e1a62f5f493d8c088c002c8013,Shell Token,SHELL,18
16,0x5d72242587e3999e471c6feabfeef45090c4e206,Example,EXM,18
17,0x3b3eeee340392de48e1c0063b25513e6d6e46f2f,Wrapped Ether,WETH,18
18,0xc96fe17c090a4f0022796ba808ad4466b78f5efc,USDT,USDT,6
19,0x968cf2fdad9d70f475f5e61918d186b4d5650bbf,Test,Test,18
20,0x93ff50c0ecb677d49ef26e0370984c566b235776,QQQ,QQQ Token,18
21,0xd97bce0f73cb4f866ea20ea03235a130ec41b865,TP28,TP28,18
22,0x8f3d2054703db00bf2c31af74f759c7b00b38423,Alice AI,ALICE,18
23,0x70247399086f4e94dea24e879c8387fc7872d575,LOL Token,LOL,18
24,0x887afa5eeec75068b1b3660ed7042e3231ae0bad,Test,TEST,9
25,0x452689e334b2ba55e83dcb1ae013b37822cd4b35,Burna,BURNA,18
26,0xb83bd55fd9e4baa36d25146e96493d09408f0c17,Wrapped Ether,WETH,18
27,0x2382decb3444669f9e04c6646cfa733d91008439,Meme Token,MEME,18
28,0x2863448ce4ec52bd6652e379c4b627f5f3dc6e69,Test Pair WETH 01,tWETH01,18
29,0x0a13a086b4c0ea850f33101851abee6e18d43f99,Stay,stay,18
30,0xb1cd36938400b8ebf4adec5bc9f7845d3fb6ad85,USDC,USDC,18
31,0x053f74cc3f0198661aa3e539009176a602d3642e,USDC,USDC,18
32,0xf19d28695ec2dd9615590130b6fa05753c066ede,Stay,stay,18
33,0x094e2cb5d21fc2d19c2477c561998c993a4357a9,USDC,USDC,18
34,0x92d321f8ec3f45f0852d6f7b1b1ee50dcb2785a9,NFsTay.com,STAY,18
35,0x50bf35408ef4c1cb23d22117a81b95386bbf7f72,USDC,USDC,18
36,0xfbf7dc40c139649ca5f38f8c83f3f5a03c263f28,NFsTay.com,STAY,18
37,0x75e8ddcdbc48b69b5e728a86ffa89a9ccef5d81c,baldi,BALDI,9
38,0x1441c2978edff90bb524c963420231632cd89b87,NodeAI,GPU,18
39,0x2a61e996408fce88f86079453f59263fbf1f6e92,baldi,BALDI,9
40,0x374d94d86570245931aeef463d6e60711968d568,Unitard,UNI,18
41,0x072416f6d5a1f5e989cceefdc52dade92fbfaeae,Green Meme,GREEN,18
42,0x03e52fe64222c18514e6557c340fcdee3c7b2a48,Memes Token,MEMES,18
43,0x8cd56ebdfe76e945d75bf39f80096b1d30262c3b,Blue Token,BLUE,18
44,0xfe028ca2ed6b6187e73e097d1f6fa159cc0c487e,CCA2,CCA2,8
45,0x9a2fdf6ba4bc13d9a2faa4596404a03c951fbf6a,zxc AI,zxc,8
46,0xca9eb46502f06ca0b7c66f4e90ac7963a3373dd8,Powerite,PWT,18
47,0x92181e7ba5ee2c1c7716c1bb8733fc580fcdb90e,AI Bull,AIBULL,18
48,0x1d5687063bdf239fded684d01da5dc56a3bda1ff,Powerite,PWT,18
49,0xd149fb3bec6cb5ccb91e498dea80d14a0d328c92,AI Bull,AIBULL,18
50,0xefc51aca84cec2908906188fcd7b9fd546986844,mus,MSRS,9
51,0x6b0d963512be39dc658eecb4e102acfc7bec38dd,JunkiesT,JNKt,18
52,0xf64e6ccd203380256e5e3c66328ade3665158f1f,Drive Token,DRIVE,18
53,0xa7aab44a44df2a5d336e3c3d8e6b2c95b68695a7,AIBull,AIBULL,18
54,0x5928b0b8d2b9199973cf4e256233976adc6b44a1,Test,TST,18
55,0x05e59a8c2ff08dc44ca5821d9ee0b2c9548b7a9a,LiquidityRush,LIQR,18
56,0x38b5608570ab32a2734b074aeac2bf7a3ad2ca00,Test,TST,18
57,0xa76be8173c50e12e9a0a0dd5aa6f51a45920deba,Test,TST,18
58,0x86b2001ad67c44c09cde013f0f99623d1e58e19c,AI Bull,AIBULL,18
59,0x0650b61db1119f356ce9ae3815c0b022fa0ec443,TEST,TEST,18
60,0x86e6a463b3d2c5fab2cbcc92edb48c87309c9044,LiquidityRush,LIQR,18
61,0xc93cb4acb49e9c7c983e61196678593ac8e11365,AI Bull,AIBULL,18
62,0xa38cd699d9f14a6f54d8c6523d312f32c03244d4,SmartMoney,SMRT,18
63,0xaa4eb6e2cee4f8b7f8495a9b227d5ccbab1c4b41,mus,MSRS,9
64,0xdb3876fab057455524fb4285087255045b6bbe97,Test token,TESTN,18
65,0x00e21edadfa282016199cf049782cd11ee558a90,Test token,TESTN,18
66,0xd62b3661a2f75367d77e21dd8b25f981b389ed01,Test token,TESTN,18
67,0xad546d6396df8869708524c410dc14ce3820ce4d,Shroom Token,SHROOM,18
68,0xe4168b936993c97beb784f6462a36a2dc242cc5d,CoolCat Token,COOL,18
68,0xe4168b936993c97beb784f6462a36a2dc242cc5d,CoolCat Token,COOL,18
68,0xdbd1526f05ce0adfdf66f51d0dd6283177a1ed06,ATRON,ATRON,18
69,0xb55c792b94e2600cf2a2dbd29a1e6dce4344682d,Placeholder Token,PLACEHOLDER,18
70,0x8ad5e80fa19976d6397e1dec636e5984bdcf3228,Qaz3,QAZ3,18
71,0x50abdc6a0eb06026e1b4e3f7840b8e9161fe6070,Resistor AI,TOR,18
72,0x9b6e46a9eab73cf8cb8dba1ca2da9f5eed46e672,Resistor AI,TOR,18
73,0x6f530221d3bc950b2f4c8583c0be2824ba1f2883,Qaz5,QAZ5,18
74,0x2f18e04083267acc032c8aed0d3a716a685a35c1,Qaz6,QAZ6,18
75,0x5b9d92dae228a2ff3ca57545e29dc63dd446f7d9,Rizo,RIZO,18
76,0xc6f70375b244318c833a59553d183a169e191a6e,AI Bull,AIBULL,18
77,0x76bf15a9685f32acfaa67c298b29735a633b02bb,AI Bull,AIBULL,18
78,0x19efb750803379b2937c4970d42be17bc2578840,AI Bull,AIBULL,18
79,0xe134acb88b9ffb43c50e4dbbee95a25216016ec2,AI Bull,AIBULL,18
80,0xb8e037bf6e276136e96ecbaf23b16682ff8a546a,AI Bull,AIBULL,18
81,0x0295a22fd22593f40be2c4ca86d6e4acfd4d8ed8,AI Bull,AIBULL,18
82,0xb40591744ec07eeea055e2409c2112d87ff68ae3,AI Bull,AIBULL,18
83,0x7476ff0109be29577d94668f6110eb4825ed6650,AIBULL,AIBULL,18
84,0x857673fc4088fb11fdcfd1790d1436fbecf6ed94,AI Bull,AIBULL,18
85,0x1335290f57d78366f2472d17b41c317af755331c,BasedSnow,SNOW,18
86,0x075c5dda65b62364e17568740ac93cd5d89ec111,AI Bull,AIBULL,18
87,0xc9b52d20391f9b146d1717fd8aacd058a414bb26,TestTokenLex1,TEST,18
88,0x0b8cc73c588e8b4ea88a1b676f736231ea60d3cb,TestTokenLex1,TEST,18
89,0x7ab7e9f4e9ab53a6c8b028df6112fc09c843b066,BasedSnow,SNOW,18
90,0x628e984df11bfd6ba2c3b8593cd1d352f06a0ff7,AI BULL,AIBULL,18
91,0xf0c3a5355d18efbdc3e0983af8d68486aba0ae36,Test SNOWMEN,SNOWW,18
92,0x7a316f84a8572a2592cbf831e8877dc064d35404,Test SNOWMEN,SNOWW,18
93,0xb4d2eb642e09c7246deed2acc4699a7da9fc8849,USDT,USDT,18
94,0xdb5dbdc6828012653ac1992ae5997b311494203c,Pepe Coin,PEPE,18
95,0xa4b53936592118d7f8e1bf06c5542245e1b92c49,KAZAR AI,$KAZAR,9
96,0xc8d8ad6092aa5929e521f81114615b113460de27,Wrapped Ether,WETH,18
97,0xcd8f454c6204c5df1090b3774cd86d381fca6106,ANTIERTWO,ANTI,4
98,0x45a2740ae723e1c0402a9dcac29e1d55d0b80942,CCC,CCC,18
99,0x3302e85e2ab4d3dc759ca2be0ccfc9cad0c88f5a,DDD,DDD,18
100,0xc68fe18d9221d7584ee16758d5016f4ceb66f45c,Bnb,BNB,18
101,0xf8187b6f83790e533dfab746cae3b2507c1196ae,USTC,USTC,18
102,0xa168250d8aa2258e320a79d4f79db5622a5a6b94,Example,EXM,18
103,0x9c84bd08d58d3dd9f362aaae5b9167282cd79e07,DDD,DDD,18
104,0x1d3d917b610867ad1c481d5f30559a566aae8c23,DWEBUSDT,DWEBUSDT,18
105,0xc3913d9e53d0e1b9dd01145bb671bdd2a9ed1227,WalletConnect,WC,18
106,0x29226eb561241f149babd135df19dee93b528a58,USD Coin ,USDC,18
107,0xa943ce2eaa596441f43f33a9efda2202ae9d32e2,Wrapped Bitcoin ,WBTC,18
108,0x46b89a6a24d3a080a79925b012974a47225783c9,Masha,MASHA,18
109,0x7ca9cffdfe08c4af960ec69ec88a18dd83c10d99,SerojaToken,SRJ,18
110,0xaf9a1586331aabb265da96c71feefd1349fb5bbe,USD Coin ,USDC,18
111,0xddfe78186511f90cd1f4e15daba0bc392f086568,Tether USD,USDT,18
112,0xb9073e717ece99ab8a5810a68661f2dcf46b0257,sfts,sfts,18
113,0x09a02d3c352f2af998279ecb5b2830aec5684189,DWEBUSDT,DWEBUSDT,18
114,0x02c42e35b6e3c317514a64488ed0b72bc90447fd,Neow,NEOW,18
115,0x263be34de22ccb2297cc6b18439769a5a5ee035f,BG,BG,9
116,0xa62af006902a53d03f819d0e0be0609893ec3099,Cloak,CLOAK,18
117,0xae7f2a8d2ea3d09428f3dcfcf9e6bf1e7efa197b,Test Pair WETH 02,tWETH02,18
118,0x7c1edbc4d2b44e188e3be84f44f3b2acae8b8145,Test Pair WETH 02b,tWETH02b,18
119,0x5b6fe666eb6f821d4644d85847ac565d2088d340,DWEBUSDT,DWEBUSDT,18
120,0xa1c5eddd30377ff2000d7a9938206b8911a636de,Test Pair WETH 01b,tWETH01b,18
121,0x02945ed720c9adea77c6c29a36f7ac616477a81d,DWEBUSDT,DWEBUSDT,18
122,0x8020f96169b91c0f6f746fff2663b368f68242b7,RWA Investment Protocol,RWAIP,18
123,0x8a495ed349b2957718d0c2933dc2191840c7ead7,USD Coin ,USDC,18
124,0xed810419227972963d86bcc0eb5f3e60ba4bea86,Tether USD,USDT,18
125,0xdfb13127bca60ea68e64a826be2ce2e92330066a,Test Pair WETH 02c,tWETH02c,18
126,0xc918e7d44ccfaf57afd42c4d02447465f59d672e,Tether USD,USDT,18
127,0xe996a082fcf94a2aca4085555703d720b88c9324,USD Coin ,USDC,18
128,0x2d5345f58f372429bd8239ed16c11eb4aa361f8d,weth,ï¿¥,18
129,0x8a485e47a120ce8e7bdfa4f01439ab29356be8e0,Tether USD,USDT,18
130,0xa060a74b8909a6a5290071b2aa4147bae9ca77c2,USD Coin ,USDC,18
131,0xfe57cada6eb327f8c181c285b8e3254780689e4b,RWA Investment Protocol,RWAIP,18
132,0x1aedf4ddf544f6ea04dad3096ea08e02a13012a7,Test1,Test2,18
133,0x98f6b342f0677b7d8d23b899c4c45cb59a012385,Token2,Token2,18
134,0x9d237186710c051214e8fc1d02ebab78a4cd2e93,mus,MSRS,9
135,0x373028c1abbbf74e85fd0005c8d4c30fb397a420,Wrapped Ether,WETH,18
136,0x5827ffe6b5afeab42a049095752e0fc9f59f61a3,Ihir,IHIR,18
137,0x1985ca54e914df40f064b7a45e572c9d2b0ed098,Test Pair ARBf 01a,tARBf01a,18
138,0x953546cf4b49b4aaa93e5e989b44ff258d3c1fa9,fakeARB,ARBf,18
139,0xb8de6e0de2eec4254a2443ef0041dd40fe151520,NAME,SYMBOL,9
140,0x02c4fe734befb4a5db4c1bb27ea2c77f0c7b11a7,Wrapped Ether,WETH,18
141,0x064c3e1a1c787e354645dc3512c33397bc71a867,SOLIDITY18,SOL18,18
142,0xc789130e00edabb55bec6d5f728ea1ab303f226c,Wrap coin,WRAP,18
143,0x2f0898c4cab9e33d943631f9ddd1b5fbcec90442,SOLIDITY18,SOL18,18
144,0x28962bb2878fbb9d95c23a08fd8c63902bd8e7e0,NAME,SYMBOL,9
145,0xcee601768bd08e871aa4147ed19b384946d2819c,TestTokenLex1,TEST,18
146,0x1144c89cfe11c90730c7c190d13f3b63ab909ccc,TestTokenLex1,TEST,18
147,0xf0781f35507e0e9db98d637ad73463df2329788c,Test Token,Tken,18
148,0xbce40b1aa1f0f99df7e38289b105d140b016e939,test,TEST,18
149,0x0b6e429a9e3a3cbb3c1ee9bae3acc27e5a2a1cdb,NAME,SYMBOL,9
150,0x7066e1e946ccdc9608e4d2b431f2381ff2fa0392,test,TEST,18
151,0xaca695c46456f14aa90d82511f36a348080e2f67,test,TEST,18
152,0x438aff03bd0bb7d00cf38b0418631517bb1f1e85,test,TEST,18
153,0xbc6e035d7052346eff30728c6954a5df40d1efb5,test,TEST,18
154,0x39bcda624acd61f593159c5c7f5f5a8e00061b4e,TOKEN_NAME,TOKEN_NAME,18
155,0x56d1802261b17f066f4b5dd1c8470e5e8dd810ad,TOKEN_NAME,TOKEN_NAME,18
156,0x2082f7cabf4aad21c81450caee6231c2c057a692,USDC,USDC,18
157,0x34ececb04aceef95dc97689316ca79cb7f1cd2af,NFsTay.com,STAY,18
158,0xed9814510f9ec0a68137f9e818a64c45d6cc966a,USDC,USDC,18
159,0xf5da702144d49218343a33fe2cff9cf6b12729d8,Testt Token,Testtt,9
160,0x84dc0733a6d8144dbbfa502eb7fab3a13fdbb09d,tokenA,TKA,18
161,0xf7599b3de72fc6c4cf373d1c9f7d5f4f383d368f,tokenA,TKA,18
162,0xce35fe37bd572ce3302268c3c14e2025c4251ac3,tokenA,TKA,18
163,0xd46c3999587c0ae6348003c7dc15a8e5b438b9e1,tokenA,TKA,18
164,0x41d1b0c67475e96ea8b4e52cbdf6fcb27bad845d,tokenA,TKA,18
165,0xa7d523cd139a884baff6e1097d97fbc84338b11c,tokenA,TKA,18
166,0x59cd9ca583089adc5253b0ecc5b728826df09114,tokenA,TKA,18
167,0xcbb371723d37df175d3a18d7e2146c0cebf0acc5,tokenA,TKA,18
168,0x38a50783fe3545e418e9db746f26ad92e34a09ba,tokenA,TKA,18
169,0xcbbd445999adf6c14b5d5412766d54101ffd61bc,GoofyGoober,GG,18
170,0x47afd72499ce2389d86306c72b6fd6e4f5e84f5b,GoofyGoober,GG,18
171,0x9656fc5f890ea062f11be8e822c4a204b7192855,Second Test,Second,9
172,0x5832de39f67ebe662d2ba6b9307eb65b5a0e677b,Tao Token,tt,18
173,0x7c55ee79ab0cd6c2d22393f243a43ace2dce1fed,Xong Token,xt,18
174,0x634597ca1354d88250a4ecd1cad6527dd4acae37,Wrapped Ether,WETH,18
175,0xfd74eecf70540213aa59bdfbef0058425f6bd937,TaxToken,TAX,18
176,0x26839364ea94a8f5758539605e75dcf2522cf34e,Arcade,ARCD,18
177,0x45e06385c5ab8e1bb75ad369ac08bf64bcdff58e,Wrapped Ether,WETH,18
178,0x85684f255981793d0b275bc799d36770c87a3c9a,TestLaunch1,TL1,9
179,0x89aeddd8f0dcce0eefde24128966466fb136b24a,TestTokenLex2,TEST,18
180,0x35a3c7176e38dc1fa31f28c6a869943c4259705e,The Guild,GUILD,18
181,0x32d692749a90ae3b7c82033dfda0fe437f83f679,OG SWAG,TATUP,9
182,0xd864eb4ddd9f3ffdc33af79adae7a1c2342d4f35,LEXA AI,LEXA,18
183,0xe4c9c511bd9423c31ff2e2e59bee8931678d0722,DDD,DDD,18
184,0xf628c7742d49c9563b3ecd4ac0b231840d7b8162,The Guild Test,GUILD_TEST_BIS,18
185,0xede93d3539fee59a50d5209abef95d55c1b64daa,Wrapped Test,WTEST,18
186,0x7263f645203b1331b641058bf56232165729df22,LEXA AI,LEXA,18
187,0x1b7ebd095caa2681053a0c48af116f2e5f24bb1d,The Guild Final,GUILD_F,18
188,0x37bc2b8ca46e6dacae23e1e2c5d3197f640c7ae1,Wrapped Test,WTEST,18
189,0xdb87c5fe16fee870dca223a33f82e34a17f85686,DWEBUSDT,DWEBUSDT,6
190,0x7e2e097494ea5e4136154e0eec7352199fd5cbd5,Wrapped Test,WTEST,18
191,0x0b43ef2e0d6a266236ab432fae3866dc01baffb7,SHIBA,INU,9
192,0xb28b11f65f26c30d3418f48db113e85d3200e6f6,SLEEPY,SLEEPY,18
193,0xb18c9b45aab2af743697a27201b7f8a5f8024407,DDD,DDD,18
194,0x33dfcf6afd8e3840e46042a4181642112fc8d24b,FLOKI,FLOKI,18
195,0x53844f9577c2334e541aec7df7174ece5df1fcf0,DAI Mock,tDAI,18
196,0xaa8e23fb1079ea71e0a56f48a2aa51851d8433d0,USDT,USDT,6
197,0x6da772444c844961605be30a4ebd4e68a84b4622,Bonk,Bonk,18
198,0xa161bc02d812f9fc4ae57793089ee6268b287086,Kapital DAO Token,KAP,18
199,0xe9d176595613389505ae63d6d8f306044349dd45,Yield Guild Games Token,YGG,18
200,0xa80e619ab37e9196e82f1876b116c96fa2aad0e4,AlaskaGoldRush,CARAT,18
201,0xd338f254fed2a1b711a26a7b1d64f5d630991618,Pendle,PENDLE,18
202,0x9839cd79d0f8dc30a7328e38f444bb0d5352ec50,Cloak,CLOAK,18
203,0x3f770a6167fd39f7bb4c70c506bd77e1c0daf4a0,Coinhound,CND,18
204,0x116c3c3adecf8b2648d321baa4a93136aa586deb,Coinhound,CND,18
205,0x03851bdbdb8d551696109a0705c40a2b232a33b3,Cloak,CLOAK,18
206,0x271c6688cd817f168d598b65c546f816dd0f1b8c,Rizo,RIZO,18
207,0x0aed5ed244f8355311533b6d2f9912097c538938,DEF token,DEF,18
208,0xf6e4367302c81f27226de83d98fb4a49f256cb22,ABC token,ABC,18
209,0x5326cee0875b64ad1e1e4dbc8fc5b4f4f165ea35,Anzeigenhauptmeister,$AZHM,18
210,0xccb9c94ab8c30f1458187191609209db85ac2205,Alice AI,ALICE,18
211,0xadb754e1ed0528fe9b90290a75db2a1d78afc37c,Bubsy AI,BUBSY,18
212,0x0399907b5b28487e3b5cc445336895f7367901f9,ABC token,ABC,18
213,0xedac1b86dcd8fb7264f0bee52d37c139981e85bc,ABC token,ABC,18
214,0x5223911f5d61d1215ce70b2dea48dd577f13faf4,PaintVsPaint,PVP,9
215,0xb5b337109836ecab91a6ebc67662a83a42d08c00,TOKEN_NAME,TOKEN_NAME,18
216,0x12adc6d8c3fb96ab323376add03f8567f99f5a0b,Cloak,CLOAK,18
217,0x64c96355b020f17661358df330235ecd5543d24a,Tether USD,USDT,6
218,0x9349bd307bb2ad63d1aea3c824e3e33e215c2c4a,Borpa,BORPA,18
219,0x782600f0788896182626d4b49d48796e96d712b9,Test Pair ARBf 01b,tARBf01b,18
220,0x97aa961533aaa832d0ff33d87689cecf0cadd346,Alice AI,ALICE,18
221,0x2bede3cfe9153927fea2a9981b6bd45be813863b,TestWsd,TWSD,18
222,0x9d837c5e57cf1bd3e987384dd590c614f19a60ae,Test M,TestM,18
223,0xe3c871998a878fe7e36b7ccad51d3fcbc86f3c61,LEXA AI,LEXA,18
224,0x29fa925b7d6f79ad7c695c23cb6a2171a3f44455,TestCHAMPS,TCHAMPS,18
225,0xfe273dd003fd7f82470d7ec9bef8c4dd15b96c52,Wrapped Ether ,WETH,18
226,0x5179954f32f05a15b630e38b59256f3e277636d5,LEXA AI,LEXA,18
227,0x3f0e300b57270b2d481ca86ac028176b14265480,Tether,USDT,18
228,0x5a2b264fb25fca9183d047ef3f585cc0c748a68f,UsdCoin,USDC,18
229,0xe7e7022cb263353f8dfa9681d80758785bdd31bc,GoofyGoober,GG,18
230,0x9f7abca4a4a3ec2f2d3e5fefa7af0bd3a6e349d1,My Token,MyToken,18
231,0xe17fe7f0bc53b07d739ca7756192fc8d550a558d,GoofyGoober,GG,18
232,0xecd46a18a0bf9cf5b365cb6e15269425b6ad18fe,GoofyGoober,GG,18
233,0x31899c9449f06bccd6e2915dd43402237177cb31,GoofyGoober,GG,18
234,0xe7faec87ef57eb56d3ebc71b6564c2f18a699eab,My Token,MyToken,18
235,0x77a90d3a17c4566432e767791b9a3b9d22f9ca70,GoofyGoober,GG,18
236,0x0d6e2a9cd1c660d2ff57c0fed21606e7302972aa,Big Shroom Token,BIGSHROOM,18
237,0xd44754405826d1f141c523637b115db7fe2e3108,GoofyGoober,GG,18
238,0x0d9e2c9e4a17685b3dd3af34d1b491bec0b4ee45,BBBB,BBBB,9
239,0x22ad5f39d7937bf4f56c87032af2a6cffcbde008,PaintVsPaint,PVP,9
240,0xe63a9b8bd5ed73a5cb72467685cd352ee8859521,GoofyGoober,GG,18
241,0xebba33d8662e309b0bc25b0cca77716435bf75ac,My Token,MyToken,18
242,0x3a292f08e067a756acd431e6837d645f10005d45,GoofyGoober,GG,18
243,0xbc55c69f02fc19154e10b4105b4aa638315c312c,Alice AI,ALICE,18
244,0xb280b4debafee2e0259c13c538026b90b323a8fe,Test M,TestM,10
245,0xe650186ef193ec637a9706f330b875ae3998b43a,GoofyGoober,GG,18
246,0xa014b2727692cd5dbd6006ea4e64220dd12abfdc,My Token,MyToken,18
247,0x53cf5e102f531477fd5a88270c9a5b054ab9a8bb,GoofyGoober,GG,18
248,0x7f64f693f994520f5434e2178785a3632b23f5d4,GoofyGoober,GG,18
249,0xca489008267842fb7af9842f4fee87d2fd5d4a73,PartnerAI,PARTAI,18
250,0x3bba2a19748196dc5c6879e96a1221f0751a4c1d,Tho Guold,GUOLD,18
251,0x810d137ad19bb923a46e0a00e3245243c355451c,sdfsd,sdfsdf,18
252,0xe3b95f8ff9f08f2ede36590262ff3de61062410c,GoofyGoober,GG,18
253,0x342e38f936123b1f62379792fc05ff59ce8e67d5,test token,tt,18
254,0x65333a1ff5a840b097dc7fe323824b31be673187,GoofyGoober,GG,18
255,0x038b98c2c4b1caf374d042b805148e842f0deae7,Tho Guould,GUOULD,18
256,0xdb5f8de3cc6192d81ecb2abe2c44fe2e5c21364a,GoofyGoober,GG,18
257,0xde1329d823271d61804021d6edad7e787d72c0e3,GoofyGoober,GG,18
258,0xdf8f3c8c1390819f59b7ea65757ab2e1c72cce44,GoofyGoober,GG,18
259,0xdae1053a8c9d160b190003354093ed57712a1004,GoofyGoober,GG,18
260,0xc4910db7ed0682bb43e4e1774d00535ef4a2a1d7,GoofyGoober,GG,18
261,0x14d83539b0cc8c97a0eb0b06295e21de13d0b240,GoofyGoober,GG,18
262,0x432b5b07fff98d9d25829455ba594115484a400c,MyToken,MTK,18
263,0xda9ae3a1c90a90bd482a84dffd91b6bd305af506,MyToken,MTK,18
264,0xeebce952a3ae331f8e8a28aaceee38d9e28a1b93,COCO,COCO,9
265,0x0e7d9a3075ace310c9d6b28e6c96ca4329cefe2e,GoofyGoober01,GG01,18
266,0x180da7b5629da7a67830533f3535bd00f0d77faa,BBBB2,BBBB2,9
267,0xb864b1c191829fdc61727f0ec5ea3b43bd382639,GoofyGoober01,GG01,18
268,0x213be559de164d8cc2154be05402c81a6bd9cef9,BBBB2,BBBB2,9
269,0x025b1ac723c9795c264cea0339725f4f48ab1a7b,GoofyGoober01,GG01,18
270,0x930a205931dff13e544f990e11f72267c92f5c4b,GoofyGoober01,GG01,18
271,0x24f31a48c6714dbc7fcdbcb2dea34fac2dcd3176,Tho Guonld,GUONLD,18
272,0x32ac39985eeb97a1c3107f4a8c698d33d59c6186,StohCoinOneERC20,SCOE2,0
273,0xd03f333515abec6881044d534daa59b23768bef2,StohCoinTwoERC20,SCTE,0
274,0x5564b3791d4e2a4bf6e4457330284b27c0ec75db,Sepolia Test,STest,9
275,0x507bd6694d42cba171362fda704d0a8a65ccaddb,Sepolia Testv2,STestv2,9
276,0xec1b3edf3943963971256d84a07e1fce08b736f1,Alice AI,ALICE,18
277,0x37c0196332f6c382345602dfc48a3e5d7926f9c7,GoofyGoober01,GG01,18
278,0x60037441adfcfae40e08c42bd44ba94ada092d81,DDD,DDD,18
279,0x3798422f161e2447cee2c29ea148f0ee58ec592c,Test,TEST,18
280,0xfd62acd312049d99bbc4189e354e6bab378188ff,GoofyGoober01,GG01,18
281,0x85bd7ef5de9e6358dea18fe0c34ddff4ce1663c8,Test2,TEST2,18
282,0xc668695dcbcf682de106da94bde65c9bc79362d3,Shadow Node,SVPN,18
283,0x478d3463c10a375995e1ff818249f964d0adb8d7,Test3,TEST3,18
284,0x92e476a522313017920bc476190eae3564a23c68,GoofyGoober01,GG01,18
285,0xf7e3d8b12a509879e5bcaeb65e22d898bb2ef483,GoofyGoober01,GG01,18
286,0x732ae970e2f141ed2528b001388e9a4e7eb2c662,GoofyGoober01,GG01,18
287,0xeffa1741467a8f156903d923c765c6e4fe0cc3b8,GoofyGoober01,GG01,18
288,0xaeecd664a9f34dce908c4b29427340eb28e3305d,Shiba AI,SHIBAAI,9
289,0x249c03b5cde72ef7d1091bab992637e70b0ac8ea,GoofyGoober01,GG01,18
290,0xcfcae41aad735846cffe35a5d71e439a73e1f616,Shiba AI,SHIBAAI,9
291,0xfe084c7276f6bda099b3a0cdf56d5be46564aa23,GoofyGoober01,GG01,18
292,0x649df1c522b1ee55e1d51f1b302d68ebbb41e992,GoofyGoober01,GG01,18
293,0xe151de74264e12184e0ae52de61761aee6454088,Tera Token,TTAD,18
294,0x6b6fb1fc6091742aa287329828a0c0351546a118,MTK token,MTK,18
295,0x7f75ae6e26eb78e891809e0d9a0fe08ab5e682e9,TEST404,TEST404,18
296,0xa77f2dbf5e7fd63aba2091a8e467d89c4f18054d,CaMaker,CAMKR,18
297,0xab733ef86cdd489b52273e206520b868bf048061,CaMaker,CAMKR,18
298,0x1fea8a314819c45e92d7285a8c595405a68e7295,TestToken,TOKE,18
299,0x3045110476392bec3c3af0186eed110cb882b6f5,Based Whale,WHALE,18
300,0x0b6ab91924838801a148c9cd6cb2a459186248fd,Based Whale,WHALE,18
301,0x2d02da1d081da487f8896f827bc2f3a16a25457b,GoofyGoober01,GG01,18
302,0x07f1fc50538c04a7af27e51fdd172d3b88a75290,GoofyGoober01,GG01,18
303,0x20f8b6647052a740bccaece389186ee79d8af0cc,TERVrer,TREEV,18
304,0x31f5fca61afde0e222c0e8d853164a290ae2df78,Test DOG,tDOG,18
305,0x07c34f75b2f8c2ca7b7b09fbae04751e164be108,Tera Token,TTAD,18
306,0xef14d48810b880fc6607fa308828ceca64cfd4df,Based Whale,WHALE,18
307,0xe2e0b7b9a70d76fcc5d06c9b0538f41ac4a4206b,Tera Token,TTAD,18
308,0x7ea57c74d2508f1b5a88c5121d07ca19f67b8ec3,CaMaker,CAMKR,18
309,0xc921b16ee4b3a17f0a2b15df0e6b3f0a0de33d28,TEEEM,TREMER,18
310,0x96046f7298befcb28294659ac145b0148a8803e9,Germus,GERMS,18
311,0x9b275b482832150bbba2e1212bcbc1878df7c995,TEST404,TEST404,18
312,0x4146642aecc4f456d761b704587ce0c9238d5be2,TEST404,TEST404,18
313,0x708b48afe01b0995413ac8d8eb39c68320326c23,TEST404,TEST404,18
314,0x2009411c7514b3770735f6d469afc306daba3c7b,TEST404,TEST404,18
315,0xe3dc6e4bf1b906a9569f237a29dcff2435617dce,TEST404,TEST404,18
316,0x8d145647eb0e02976d35319d34ff28798268cae5,TEST404,TEST404,18
317,0x727b2f235e30e53c02f52ee1443d2d491e7d88ca,TEST404,TEST404,18
318,0xdbc8b996c63fc74ccae8e0b8c710ee2f3a21c407,TEST404,TEST404,18
319,0xa57390b5f5ed92323bfa598f5ea85cec61ad32e9,TEST404,TEST404,18
320,0x528ce39211151559f6cf833e32f2536d320fdbcb,TEST404,TEST404,18
321,0x16f49873c30eb5844394c47e5beadd530036f4af,TEST404,TEST404,18
322,0x6d9fffebf4e23c67a0870c71a440ce4c1c9b9279,TEST404,TEST404,18
323,0x673ca72203eead464ff0056ef399e6872b87b3ee,TEST404,TEST404,18
324,0x3d0c0eaf04efc4480537f93094d59d6776efaa6c,TEST404,TEST404,18
325,0x3c5c55c8b1504d270ec3ae50c2cdf759f2c3e708,TEST404,TEST404,18
326,0x9f9bd35f2017f2cc437a2e6d59d0ca3e01ad1d99,Rizo,RIZO,18
327,0x6a8b1c411de6acd9afd07182d140ff97b96737f4,TestCHAMPS,TCHAMPS,18
328,0x2d8defccd1f6f479d4a12067c35e8727a87a3f0b,TestCHAMPS,TCHAMPS,18
329,0x4c5acde7edd07de3ffcc97aa0759377ffaf28a44,PartnerAI,PARTAI,18
330,0x3e61113d20d33034b8ef7df8d9fe57f8566c014f,EdgeIn Web3 & AI Database Platform,EDGEAI,9
331,0xfd26b40c7022cf03a934d7a140fb5b49866f2eb2,Alice AI,ALICE,18
332,0xbce6c8f76dda149b0b60e19ae8249f784c9e6e28,HelloToken,HELLO,18
333,0xdccacc71cdc67f2a849354bf540dce2ca5461199,OtherToken,OTHER,18
334,0xc9b3ee261d33c96d21c203a7945ed62b3d760369,Illuminate Finance,ILM,18
335,0x3b7f13fae20427c453f7417b43f04613c5718422,EdgeIn Web3 & AI Database Platform,EDGEAI,9
336,0x563f415387e0735b89f1b308bf465a9a4a8cd42b,Renderex AI,REXA,18
337,0x46c58292e9849045ff2f869a92d72e3b776a4f82,VPS AI,VPS,18
338,0xa2219fde521d0a77e64b8510e1107a87f825dbff,Toooooken,TOKTOK,18
339,0x2136064e4b081d6a183d165cec42de5ef3a63bcb,Alice AI,ALICE,18
340,0x8d6bb66a2a1eb0e5bd24f80e929e87a6a01504f8,USDC,USDC,18
341,0xca3b75a89714c1f1ababaf6fedbdb3eabb0a1ad6,NFsTay.com,STAY,18
342,0x6cc423dad33d6b827de80e08c30dffb81d58d147,USDC,USDC,18
343,0x6d9b691902bde4b1f5527d07b22dc225893003f8,NFsTay.com,STAY,18
344,0xbc4117fd7ae8a11f8b4f71084502381fc2db2d12,USDC,USDC,18
345,0xd1040ea3c803cac51ea6e4e319976c13f8811f13,NFsTay.com,STAY,18
346,0xc907f397551c3d81c64a6c8e1d955e96c62bcf04,NFsTay.com,STAY,18
347,0xe494e71faa23d76df1df29afb5fd1021cda02ebd,USDC,USDC,18
348,0x399df6ca808fab0a6be4c5fd3287c2b8723dfb92,USDC,USDC,18
349,0x9b3a2481559ac5404750eed0d8d9d0f313ce6ae0,Test CHAMPS,TCHAMPS,18
350,0x48f3289aa288d2d9fb06b4d29271477ca21d5ec1,Test CHAMPS,TCHAMPS,18
351,0x11c1814517b05377a277d6fc16e4966d29bc76a8,Test CHAMPS,TCHAMPS,18
352,0x75890f02f1f2151c2bf917b0050678dfd1ba2ec1,Test CHAMPS,TCHAMPS,18
353,0xa3e5374789419b50bab36cfa74f4fde998cfc935,Test CHAMPS,TCHAMPS,18
354,0x55ee8bf8621061638e47e136934b161fd5aac482,Test CHAMPS,TCHAMPS,18
355,0x62a213495d64a369ca3d140868580d28aa8a7811,COQINU,COQ,18
356,0x9924611e43aa0537b343f842414a353fe100782b,Test CHAMPS,TCHAMPS,18
357,0x415bde2b79ebfb30e6cc52ba58b3187718565b5f,Test CHAMPS,TCHAMPS,18
358,0x3cf2019d3d0b415aaca4f7d636834cde4fe0a6c7,Test CHAMPS,TCHAMPS,18
359,0x3aa67e08a6b94b8987ed24c4932eb9b042ea2501,DDD,DDD,18
360,0x7d2ed02386b92ae73a7713eec885df539c8e94e0,Test CHAMPS,TCHAMPS,18
361,0x9c569949820e08702a4b2d4af763036cf3925076,Test CHAMPS,TCHAMPS,18
362,0xd6004b49fbbbfa327c8784198fe86e3145ec4430,Test CHAMPS,TCHAMPS,18
363,0x01a1c0d61b245f0f4842ef74e5c2de436ed8562d,Test CHAMPS,TCHAMPS,18
364,0x65e90c3cfc79a0d03dbbaeabc52b3f32dcc947c0,Viper One,VONE,9
365,0x380a32c7e07984e8acba7484b12cba557550a4eb,Viper One,VONE,9
366,0xa8d440f2b14edb131fbef0264d7511b6e026e7e3,Rizo,RIZO,18
367,0x7c1c3419407789c29d03ad06ca889bee6e421c98,MYUSD,MYUSD,18
368,0x64a2281aef62fe7efac95e6a208cda415995e443,MYUSD,MYUSD,18
369,0x32a9e2f7e54842b2b6dff32c08c851c5f33b7652,MYUSD,MYUSD,18
370,0x1cb1385246753ca15172679b6addcf478627f0f3,0xF,0xF,18
371,0x37d8df6fe6a2244a4e187e69d6def50f62809cfc,MYUSD,MYUSD,18
372,0x1321334a0504c46c54cb103690712069f7c9b0ba,MYUSD,MYUSD,18
373,0x779877a7b0d9e8603169ddbd7836e478b4624789,ChainLink Token,LINK,18
374,0x29e9bef493ff76ba3fc7d32b69509aa79fc0af79,Kabosu,kbs,18
375,0x34582c69ee8f68cbf79a4faeab22e1371d94cdb1,Kabosu,kbs,18
376,0x1a92c85f0984c781c01ef0acbc6738827fe14f33,MF20,MF20,9
377,0xe0e13a009a22571a1faf343a258eb78dd51140fe,MF20,MF20,9
378,0xfc2b8ffe180592d6d4709c51b4859a3726131176,We r CUCKS!,$CUCKS,9
379,0x9e7a5a11fef418c3965655b23488b01bed4a06ac,Manta,MANTA,18
380,0xc735349c601f51ca35fb3170d1e233effd9964f7,AMM HUST1,HUST1,18
381,0x8e28a9ce12b20dd6fade10f3744a4f8c624815f8,CaMaker,CAMKR,18
382,0x6657bbc5c14f48e465777ab6957deb702ba6481d,Test DOG,tDOG,18
383,0x1708bb8be8fd5dd28a9cb35e156c23db24d8685d,PetPet404,PetPet404,18
384,0xff0a506c73e828b86edfb5b5a10d2c6637a0b25d,PPET,PPET,18
385,0x15f6dd401774441d161d1722af9e975f60a3cb7b,Wrapped Ether,WETH,18
386,0x4b248a1c2518d1b8a2cecc1b115967b3e3b722b0,BitBay,BAY,8
387,0x8fbece947cfcba996c6f3fe70b327e0e50d9e196,BitBay Reserve,BAYR,8
388,0xf7f8ab76e62983ec12d97fd026ab11296edb2e23,Happy Walrus Coin,WALLY,8
389,0x3cc76b4047a67af163f20fbd70dc705b956b8375,CaMaker,CAMKR,18
390,0xca315f9aaacd230f61a95d37bc1cbcb08b86b44d,PetPet404,PetPet404,18
391,0xa5fd2240169f7d78ee7f1f315441fb5b0b60aedf,TES,Test,18
392,0x15edaf5fa7721fc2ea0d05ab49e3ffd6e2726567,Test DOG,tDOG,18
393,0x331305a43f6011d81954afe3192dd3caa872e894,TES,Test,18
394,0xd985bc4e88895575e0c96d4a293a9f4d29119689,Test DOG,tDOG,18
395,0xda36b391c3a130736ac2fc8eae10aff99b8bd1a8,SOLIDITY18,SOL18,18
396,0x903d4c6d3afc616a9f28f30e906d857d4ad29846,HatWifHat,HATWIF,18
397,0x7b56336fe4868832d7173df94441fd0e578e88f3,Motion,MOTN,18
398,0xe3132b25ed40cd914265cc1cdf64bf3caccbda6a,CaMaker,CAMKR,18
399,0x17f14f07ef2696d51bf3a9ab0b009cc78e630717,CaMaker,CAMKR,18
400,0x0a408dec04ef6b9c11c364bc65c57896b38cce82,CaMaker,CAMKR,18
401,0x4d4d7f22dbd8e8c95c329a6ff97038d2bbbbcbcb,Hotel AI,hAI,18
402,0x31f15697f451d26450c5f45b57e934ed8fbbd67a,CaMaker,CAMKR,18
403,0x9bba30d6e8a737ecb792e3b06b2af196415706d9,CaMaker,CAMKR,18
404,0x2fc56e7d26c1d80bdb4a05facc11b1e775a0d5cf,Hotel AI,hAI,18
405,0x14fe79b3371986de8a5b14af4a996c4740afa95f,CaMaker,CAMKR,18
406,0x91309a34b45632650bb1b8a6a0ebc3ba06b8954d,Motion,MOTN,18
407,0xe8f04189479c3320de91f11ec65ff0a1352322f8,Nenshou,NENSHOU,18
408,0x5f9e1911f73a56e00c74c6f0b2bc9c29038d763f,HumanityCoin,MTK,18
409,0x8b931302f9a59a380f55f82f6c59e85f8549e60d,TokenA,MTK,18
410,0xe6b1121f5f92297532f3437802985b3e93d1d63a,Motion,MOTN,18
411,0x3204ff81ca4181baad43568d2e0574057fd05fc4,TP29,TP29,18
412,0xc41cce675a58bfa94e08eaa436a214481e0f5c76,Nenshou,NENSHOU,18
413,0xb90d8db98509ef5e5258c77f08b791c2ede5cba8,MyToken,MTK,18
414,0xbc66f70cfb9a30d69b66cc21ba6c9f8112260565,Nenshou,NENSHOU,18
415,0x9264c69cfb634e99d2dae5aefc5430b26e777181,MyToken,MTK,18
416,0x4a581b111035072bc51feea446ef12095a81a322,MyToken,MTK,18
417,0xe67309e1527da1e89fc5bf58aa864d7687a53aa0,MyToken,MTK,18
418,0x672edd9ee1889110607823eeb0070caf0e663112,MyToken,MTK,18
419,0x75cc91f816e4e9c545815191ebf936c85bc32f24,TP31,TP31,18
420,0x23b9d5821523e50f7a11425984a3eccf95aab42e,TokenA,TokenA,18
421,0xf7018bb391b051be96b3b8b2ad2e686539236685,USDT,USDT,6
422,0xdbdc30e41a301f1aab04299cac48f04cdd32cfb0,Nenshou,NENSHOU,18
423,0x5320d8bc3b0e78fedc6236211422b0511e016012,MyToken,MTK,18
424,0xb73ff1cb26ca813158a49f6325a116b771b3f26d,MyToken,MTK,18
425,0x0c71a8132a55a62ab50d83c295b867b3c147134c,TokenB,TokenB,18
426,0x4155b746d9e16d36fd8e085ca8eb742939bba7df,Nenshou,NENSHOU,18
427,0x199b276f851da848fa78651e3fb103f48acf7a28,NEN,NEN,18
428,0x7408d1645d2efb0dd82cff8ad6ce17445e645ff2,NEN2,NEN2,18
429,0x72b57b894de53446ef86986949f74591be9a00c3,CaMaker,CAMKR,18
430,0x2700d836a8ed4f89835d4a7eea579df4d59662f7,CaMaker,CAMKR,18
431,0x17eaf1b2c3e2ad2b6bc7a2df48705674e4981a8e,MIA AI,MIA,18
432,0x8cd5218931bff4d0f8375bd252685caa3f48ecb3,CaMaker,CAMKR,18
433,0x1217306fc098b817885c5deb3cdeef9c467e3b9a,CaMaker,CAMKR,18
434,0xba4427a5a6de502ba2dcddc7fd99d1a39051e5a3,CaMaker,CAMKR,18
435,0xe9aa3c1cd321ded968d4dbeebe6dc4c395020ab3,CaMaker,CAMKR,18
436,0x8a04bc3ce4d6b3623febe31808de63d8eae6256d,GoofyGoober01,GG01,18
437,0x8cd396720baf035819df53fde0770afaab8db11d,CaMaker,CAMKR,18
438,0xa6b61096e26bac3dbbee9f73670581c104e3a283,Test CHAMPS,TCHAMPS,18
439,0x2cc4b165cfcd3e5bcb0386aa4bf8b1ca0463c013,TGL,Tangle Flare,18
440,0xe4493c5ef06165c100c52888b8c406b6b18d40b6,DEfinite,DEFNT,18
441,0x3fe63a633cea1f0758a7b07aec7f1e78e5b25c2c,tkn,ttn,18
442,0xcefbfdd28904605529f43bdf54d825cbb21af8b3,CbMaker,CBMKR,18
443,0xa5c36b0de454b365a78e3a0c324129f53b2d3625,Test,TST,18
444,0xf503db01a9168210971b500d0b98b6f6c21b8d92,Name,PRZM,18
445,0x8756acf4e7ed5cf952c33493dc41ccabd294ac86,Name,PRZM,18
446,0x88563410811df0d3e2b7d90dfe66f5201f9ce79c,Name,PRZM,18
447,0x9a439d0b0fa9c0d308c30ec6054bb62694b3d298,Rebwar,REB,18
448,0x35468cb8027c8fde15a5785784ead3801602e6a9,Rebwar,REB,18
449,0x7e159e9e3bef7f47e90b4f2bc99837be9643796b,TEST404,TEST404,18
450,0xb5f53e2ed7f1e780eb8610b564ce3bc8b4504ddc,Base Junkies,JUNK,18
451,0x6013c41752f4808a2557513b620bc185117bbf3c,TEST,TEST,18
452,0x827c6ffafd0af07accdcfd2ad02ee4a93cd0beb4,TEST,TEST,18
453,0xbc88e4266752f5ead422debd43c05debb338e147,Base Junkies,JUNK,18
454,0xabe2c5e6b119a4ed1db7a84f26aa1395b3578741,Test CHAMPS,TCHAMPS,18
455,0xea700d838339da2600dbd643649dd1ec63178da5,Base Junkies,JUNK,18
456,0xa085906f34d3665760fda21953175a9ba28c9bf8,Base Junkies,JUNK,18
457,0x9601dc1cf398bd19dce37ef55703fc2b94f1b6d9,gert,gert,9
458,0xae78d2e9219e3be1638cadbe408600f8ab29976f,Test CHAMPS,TCHAMPS,18
459,0x3deb6e5e8555f518af07db8179c80b0d086477ea,gert,gert,9
460,0xd93bdca45f6223096f3aadd71d400b54e9a07414,Wrapped Ether,WETH,18
461,0x517e2a75c03d812c5a6af139f2ccf1077f727615,gert,gert,9
462,0x7be716a14bfc589cc10e8dad48017c0037b0f06e,gert,gert,9
463,0xb5c34ee73fc96a7ad020c6edc1f8b45fd85fa328,gert,gert,9
464,0xf030b93b44830a7ebef5a87763bcbab59ad5be03,gert,gert,9
465,0xe3c88eb527ac36efb58e2d5e5236af652cecde9d,gert,gert,9
466,0xf83a005cf91ffc87320e431ea38d181a93338d99,gert,gert,9
467,0x9432265f7278e992dd04116ffcbda3d744e9a0cd,gert,gert,9
468,0x89c029145dd2ee880721293242634a384d22bb7e,SnailBrook,SNAIL,18
469,0x5bcf2045ada198eb841a20bc801bfb1be81c6a47,HoopToken,HOOP,18
470,0x3901764c903e1797327a6f49e84dde592f0395e0,Test CHAMPS,TCHAMPS,18
471,0x40f1af5a66cd0bfd720ce65b8f4021eb7cf0424e,Test CHAMPS,TCHAMPS,18
472,0xbe5434c6affbbcbfac40b84fd7ecc1707449d6f4,KiwiTest,KWT,18
473,0x7a7e0910d22e37bf708dbae4c0a896cb53af73b0,KiwiTest,KWT,18
474,0x51ba949ae69d2b5e98dd3281bd6a409da7343fa2,KiwiLiqTest,KWLT,18
475,0x2130ba0699e471dd2d283b9d082d2f417338be78,The Guild Final,GUILD_F,18
476,0x560390c5a8f8b47e0a3792860a81de9d67cbc4bc,The Guild Final,GUILD_F,18
477,0x1f424b5c928187a2455975374419485762c8d37c,SOLIDITY18,SOL18,18
478,0xae152091c6ee142146222e968c13468992faa416,prophet_test3,PT3,0
479,0xe7d86dd21e3bd65de263f08067febb200085c853,KiwiLiqTest,KWLT,18
480,0x295aa609876a24f624f48fdab73ec2bcb56c328b,KiwiLiqTest,KWLT,18
481,0xb88987fefc9444889cdc2c3fecf684c8a0a745a5,KiwiLiqTest,KWLT,18
482,0xf506ded987e7ad9605b7206aa249ce0d08e2b87e,gert,gert,9
483,0x27b18243e3d965b4ec6e050552253a5d73081224,gert,gert,9
484,0xeb1b9e3f1ab914e279fa9adefc7af4ca8673cdb8,gert,gert,9
485,0x7c627340f0c11efbcd093a75231fd5ba0c7a0f5a,test,TEST,18
486,0x7dce38d5cfafacad50e8153b60879034a85345e8,prophet_test,PT2,18
487,0x4c126a38f312d3dcee296428e2f7ce46f1acf9a8,prophet_test,PT2,18
488,0xf6eeda80bb860397db069027634da52857b884c1,prophet_test,PT2,18
489,0x30d0b03ea5098cac273bcc922f54914e79d953bc,InnerFurry,IFURRY,9
490,0xf97b5779a43c54345edbf271915af9890f439e59,prophet_test,PT2,18
491,0xf851370f0de5dca1a04efd19c3365b27e2764a98,ForkFrenPet Token,FFP,18
492,0x671ed266fb0f87978cc266fcd49b79cfdd2b8781,Termux,TERMUX,18
493,0x11816ac9ffb28d535f765a7a621ac8e4212af1f6,FerrY,FERRY,18
494,0xfcec19fa57e484ecae4f16384103ef0a809164a0,CaMaker,CAMKR,18
495,0x66e4386034f5980039a922cb2189dd29bf325448,CaMaker,CAMKR,18
496,0x0c5d406d7c18ab3cec659d3bc21982b5e8504290,CaMaker,CAMKR,18
497,0xed88388615ae0d9bce982f60a9d3ee54e7bf21fd,CaMaker,CAMKR,18
498,0x084ee8b4a00f8124e85af1a8ba138e2949ab0ed9,prophet_test,PT4,0
499,0xd60c3f86e3b2724cd402c820e4f0c479cfb15ee1,CaMaker,CAMKR,18
500,0x2a9037cf8b137063a7d8f7c5e1b10c4f48c188bf,TravTrav,TRAV,18
501,0x20621fd1b741f65b9ac060786fb662a154165ab3,CakeStake,STAKE,9
502,0xbaa6ca6f163af7d860ccb7346263d49af02ce120,Defere,DEREF,18
503,0x3d91732187fe5718b09e1ef2385580dbcdd0000f,CaMaker,CAMKR,18
504,0xe47138d79d64cde6ae44b001218f1ce228cdc6e3,CaMaker,CAMKR,18
505,0xd0ba62d36b15456556dc5ede8b7f7b79cbf06028,Program,PRGM,18
506,0x87abdb9b1f164e9d3720bf5097dfb83bc90550be,Program,PRGM,18
507,0x8c0af26dea469244394ec2fa0498b2b2dacb6f25,Dynasty,DYNSTY,18
508,0xca533896d2a9473e1d5d87ea31f54432cacf19cd,Dynasty,DYNSTY,18
509,0x68c54c8794ddc88bfe83e4faf8102ddcc97b71a4,tokent1,tokent1,9
510,0x9eea09ab099d93e850ebd91cd7fcfd17262f27de,PAMP,PAMP,18
511,0x1f74d91083e6188ae6136a52d59a44145d134d33,tokentemp2,tt2,9
512,0x37f8211f505403f3c9a29499b42557f468d98e3b,tst10,tst10,9
513,0x4e33fb009e1b84238ee4b3f2583c9d7e39179499,PAMP,PAMP,18
514,0xb873eb08fc9305cdb50e0bb57a505a1e461b7961,fas,erwe,9
515,0x00128c57690b84e47e5fb27f0e23671a3d78b2c5,fsd,yey,9
516,0xc5368162d2956bfd6d5cb6cd7c5d68b48189d8e6,PAMP,PAMP,18
517,0xeeba99377f9283c30a1a0432c21256693c84085b,fsd,rtre,9
518,0xae0d4248230e749723ed50ed465d42b91c892129,PAMP,PAMP,18
519,0xf79235af817c5bee4a9e524b28cc09aabffaa6ed,eeaf,etwet,9
520,0xc25b78171dfe5876246e643fce3c25b419b94ead,fwefwrewrwe,drew,18
521,0x22ad343b345a9ff9a4750d58bf66b2b66db92a3e,adfuoi,wqrqwr,18
522,0x6891b3a7b18bfd0d1c56a8d46a004bd7729e55a9,PAMP,PAMP,18
523,0x2e7525c4d3c0dd01de59808ee784072020592369,trtre,sdfsda,9
524,0xe59864ea21fff3c99ddc88678629818390dd7e01,SHILLER INU,SHILL,18
525,0x81199d708d0b6231402a16dc096791bad269e96b,gfde,retet,9
526,0x7216577de94e5a7e4df02c9bf33f7ccbed96d28f,Test CHAMPS,TCHAMPS,18
527,0x8c4fea1d8816b17bcbb33cd629df93ba5f76c96c,Few Wrapped USDT Token,fwUSDT,18
528,0x98b902ef4f9feb2f6982ceeb4e98761294854d61,Few Wrapped Wrapped Ether,fwWETH,18
529,0x1907b5a1fbeb6c0abd390ca24350017e9851b9f7,Test CHAMPS,TCHAMPS,18
530,0x2beffcfa7d580ca548d180f2dd8ad1abd61869f6,Test,TEST,18
531,0xb6c0836172e5312057256a133e2ecfb376b5ee2f,Test,TEST,9
532,0xec4c6bf6b0438d753e3f37ac8fe0af7436724af4,Test CHAMPS,TCHAMPS,18
533,0x365ea9ee1dd03a910127bbd23f44944f9d3e531a,Test CHAMPS,TCHAMPS,18
534,0xb907856e39df09df56383775788007dce746ec17,Test CHAMPS,TCHAMPS,18
535,0xf8a70e6224b2fb602b4f619ef1ac09c7abf280b1,Test CHAMPS,TCHAMPS,18
536,0xf88c3d668d2d95fe50775d2ac75f27abde02c945,Test CHAMPS,TCHAMPS,18
537,0x87bcf48e3a389745a0b5af5f6ca3cf8a0282dbb0,Test CHAMPS,TCHAMPS,18
538,0xc670d25e1f4b5cde0805081368dfda5ed2b25680,Test CHAMPS,TCHAMPS,18
539,0x15f39028d8601e56bc65e780a830e9350d350a46,Test CHAMPS,TCHAMPS,18
540,0xa211f170cf46f575f8b893798f617e1e9c0c7899,Test CHAMPS,TCHAMPS,18
541,0x64edd04b756ff665b20280ed43c176bfd7bd14b5,Test CHAMPS,TCHAMPS,18
542,0x2f2bb8c8d3bb2495497a6718223882d7a35d5d20,TestToken,TT,18
543,0x8cbfc072c5c5d062588fbadb6585fe89fbea8e24,tkn,ttn,18
544,0x5c1914cb4f7fe9190f3febfb479021d6c31ec6de,Test CHAMPS,TCHAMPS,18
545,0xde192dd48d57a50d11c7385a9578e2e1a99de835,TestToken,TT,18
546,0x73a2dcb1183023309084b5edc0d24bd032178615,TestToken,TT,18
547,0x3245659a7add0b127d09ba47082718152167093d,The Gould,GUILD_OUD,18
548,0xc01f43641fb95f7833fdace4f87bc068f9c22540,TestToken,TT,18
549,0xea27f65b39e9055e9a77128d4c87a19fcde6027b,Test CHAMPS,TCHAMPS,18
550,0x05b97ef7d7496b82cf612e3e31a890b948039d84,Lotso Token,Lotso,18
551,0xb16f35c0ae2912430dac15764477e179d9b9ebea,Wrapped Ether,WETH,18
552,0xaad7c2fe5e0fac5cd436b7c44047e7f7c931e002,TestToken,TT,18
553,0x71dee12bd8829f5d539e5147c06d736e959fe932,Test CHAMPS,TCHAMPS,18
554,0x563d61a2d7420cf0b7fc58bd1ca3d8eaae0f680e,TestToken,TT,18
555,0x5a5dacf313e7cbcc2ace6563db3d864f0bb22ac2,Test CHAMPS,TCHAMPS,18
556,0x8ba415bc505db40a8e78bc66cf184001ec7009bc,Test CHAMPS,TCHAMPS,18
557,0x73bce2a9bc0445345b4424830ec098e56a27cfe0,Motion Ai,MotionAi,18
558,0x6cea364580d0cb08bfe567783be717974c1cbefb,TestToken,TT,18
559,0xed90d0ceee0e710894a4e0c7acdde318b25b7d11,SOLIDITY18,SOL18,18
560,0x3a82873916fd9f90c46666975ac414574cb2f18f,TestToken,TT,18
561,0x0f1b97f352d3be682d826e74d34e5b03771f142d,MEMECOINX,$MCX,18
562,0x1c5dcf293ceede1e703f8bbb9f06565692a6371b,Wrapped Ether,WETH,18
563,0x614ea73a0870955547a1e06b6f5bbb993755cbca,ded,ded,18
564,0x08e997bbaf2c931fdd5fb4665338a9250f0ab8a3,Test CHAMPS,TCHAMPS,18
565,0x07bd74b40c2c6d2c2133423c7bec81085a0eecfa,Test CHAMPS,TCHAMPS,18
566,0xaa34b89b6d2c897d985446dddde0e1020263c21c,SOLIDITY18,SOL18,18
567,0x80897a8ca24079c5141dbc13b2510f0dfacb66a6,Test CHAMPS,TCHAMPS,18
568,0xcd6a4a6e1868fd077141af30ddd04eb729110cce,The Gould,GUILD_OUD,18
569,0x76868033c2c5990bc92ce2527e5f798c8f2c2009,Test CHAMPS,TCHAMPS,18
570,0x553af6976c611f01e1c5ad22ac2c2694e856a2e9,CaMaker,CAMKR,18
571,0xb23d0b326f5173e5d401c41b230583ac5b6b86c3,Test CHAMPS,TCHAMPS,18
572,0xea26fd3d2d411a6e14a376d5d5b337146932f486,Test CHAMPS,TCHAMPS,18
573,0xbd99c468e4363daa62c5b6aaba69590a9ec50dd1,Test CHAMPS,TCHAMPS,18
574,0x07d9705acef6d517083626df5104cb42a702b247,yomama,yomama,18
575,0x4635b2ed3636b3f2cfbd243c3a6af46271a8afb7,Truely,TRLY,18
576,0xa26eb96e3329c337bab409d67ab10559e3158826,Test CHAMPS,TCHAMPS,18
577,0x8f914d8486f98c501b9fccc9ed28f84efb33764d,Test CHAMPS,TCHAMPS,18
578,0x2fe72aae487ee041ac918cbeac84ce31e0237108,Test CHAMPS,TCHAMPS,18
579,0xa7ae98c8493dfbd17c38d7df715285477bf52a6c,Mangoose,MANGSE,18
580,0xbd2c7acdaa64748d3fd4d0f8dd98fb139e6fa717,Test CHAMPS,TCHAMPS,18
581,0xbfd38ab7c1fa781ad24fde47c334a0e1a47332c9,Travis,TRVS,18
582,0x138e1a4afd922fcab06bc804f52cee6ff99615ed,Test CHAMPS,TCHAMPS,18
583,0xcc0f6b54fe5692d72de1b640a0121375d1336164,June,JUN,18
584,0xa2c1ad057e8629ad80100d1a3d071378cb41f303,Test SNOWMEN,SNOWW,18
585,0xf3cb0b3713fddf197c420efda385a1fb4da59004,Test CHAMPS,TCHAMPS,18
586,0x949736637c3382c669a5cb9181ec713732ce078d,The Guild Final,GUILD_F,18
587,0xe15e5c28dff99499489e3c805c93488598a7b9f6,Test CHAMPS,TCHAMPS,18
588,0x6eef8e8b667289f3f37ccc442686753473e90fd7,Test CHAMPS,TCHAMPS,18
589,0x5e4d5acad669cede5c9d0b3a8704e0fb4c2a24ed,Test CHAMPS,TCHAMPS,18
590,0x98e92b2c5bde519f9a8af82c619750a17a1797a6,Test CHAMPS,TCHAMPS,18
591,0xc8ceb924dd0765e2afbb705a1e335f549ec9d347,Test,T,18
592,0xe8814168d3705b679f539800847532ef4f22ecd5,Test CHAMPS,TCHAMPS,18
593,0xb021bbf359093a6d562c81d35ec11bac9367e8be,Wrapped Test,WTEST,18
594,0x1f5e6c42fc1266d213d1133c30eccd28dc3efcdb,Test CHAMPS,TCHAMPS,18
595,0xc919d86f1c19cae0077883008e245f0b33982db7,Rebwar,REB,18
596,0x615811312476f4f4c6875f28c5b43950555097b3,Test CHAMPS,TCHAMPS,18
597,0x123ba732345129171246a8d5908b7d4b185f6798,Rebwar,REB,18
598,0x97a268b1e1b71db2be94829d0d08fe188d78c7b8,Test CHAMPS,TCHAMPS,18
599,0x62697c45648e97e37624e7121c642585b574db68,Test CHAMPS,TCHAMPS,18
600,0x66773ec46e960b807d50c22a71d8670b07d0d12b,stableCoin,SC,18
601,0xba9c09542bae2e7c2b9c445ddd14ced694f3bc40,Test CHAMPS,TCHAMPS,18
602,0x54dee92c8cddab0e16bc5aa011350826057227e4,HairyPotter,HP,18
603,0xe7a49a2fa25c1898960fc47a272f395364740bcb,Test CHAMPS,TCHAMPS,18
604,0x9b658991af5e336b72c419dfc4b712104df87bec,Tangle Flare,TGL,18
605,0xcfd8f7fdff00237288781c691d8c32e70b9741e0,Test CHAMPS,TCHAMPS,18
606,0x41014c60b9c14b7d3eb30c3260f1800855befd31,CaMaker,CAMKR,18
607,0x7cdaa3cfbd6c63769f359af45506dee6d030a59f,septest,SEP,18
608,0xb745aceda2a8b11c8e3e5297cbff5810f3466d23,label,label,18
609,0x277a3f0cf25b78ae0b63b10d6dc5992db0f6e635,label,label,18
610,0xeebba84981ee04b3bbef60d843a0b68a17b94fa6,label,label,18
611,0x81772c8069b81c7740974eef1d4e4b5dda9f979c,SHILLER INU,SHILL,18
612,0xd7149723b8472175cf5c5390f1e935afbad5ffc3,MDR Token,MDR,18
613,0x16e13ea66431a3f585b225690d27652525186e7c,SHILLER INU,SHILL,18
614,0x413eefd058aecbf231ebeaadf411dc532902216b,Tera Token,TTAD,18
615,0xb6b9c4a993be40fe2642d4d10868998fc035203d,MarkSepoliaTest1,MS1,16
616,0xf44fe637b57d650e9e60ddcea267048c523502e9,Shiller INU,SHILL,18
617,0xc9c3cf193f678c9aaf4fa3ca96d727e3ff7b14da,Prof Token,SKELLY,18
618,0x3ca285dfedb9b499dbc8582a91c359098c6445ae,Tera Token,TTAD,18
619,0xc22532c94873d5e7f77348f95f8330df13e98ce7,TestCoin,TESTC,18
620,0x7f71e1cb9495e74008c4071dbf2481d7708dc9f8,Prof Token,SKELLY,18
621,0x7f7b5ce94d82d4af22619cdb02900892f7a5ef8e,RC,RC,18
622,0x13a2edb64fb7ff706609784d930d04c9b3d66c74,Prof Token,SKELLY,18
623,0xc7f8b66d5c2b416eb21822c1070e4c002b3201dd,Rebwar,REB,18
624,0x4c63a403d3ec41a50bd96860e6f739054fecc05c,Prof Token,SKELLY,18
625,0x218433ccacad2b3e44408b438835dc167da9579e,Test,TST,18
626,0xe19c241b2ba0794569a31f503a3a241604db0715,FunnyToken,Funny,18
627,0x8cc24ad103df177019685765d00d56c48341b39c,Test,T,18
628,0x32514967d72d3da00a0a63bc8d7731331df9b13f,The Guild,GUILD,18
629,0xbd9368e6c99d6bbc82095573965877d8908aa427,dodo,dodobingbong,18
630,0xc2501f96400e4b0c9ae8b4f03d5d0ab65b125dd9,But,But,18
631,0xa939474d75b8d10d7faa30e92bc6fa90ce46213a,EdgeIn Web3 & AI Database Platform,EDGEAI,9
632,0xffbb083dfd280962fb83745d97b97b9f613cd95e,Test Token,TST,18
633,0x3e1d6dc038d7117ba7336d288e8633cda9026b63,EdgeIn Web3 & AI Database Platform,EDGEAI,9
634,0xedab7d06e48be16e736a4d754387a7c6ad769e84,Wrapped Ether,WETH,18
635,0x4d88e8bb3634e5612add529d1c045d3c8bcdf6df,Test Token,TST,18
636,0x87d9492336452bbd92dd8393896016394e047378,Nodifi AI,NODIFI,18
637,0xb59001afac6b4edf6a059b8a5aa23a6d6f87a947,Nodifi AI,NODIFI,18
638,0xb5235f058ae5fad0ee0fa058d94b4061438e7342,Test2,T2,18
639,0x34a574e7ebbbd62c6b877320c87a345e644fe88b,CHIP,Chip Token,9
640,0x09a2cbfb59b8bd13c4dcfdb0a711af1f76c9a8d8,Test 3,T3,18
641,0xc799cd2bc12bfe430166089e1683650e0380cb15,CHIP,Chip Token,9
643,0xbcc8a66c0241efc192ccfee1e0f3e6842f40223a,CHIP,Chip Token,9
644,0x37da41e2d8abdbdff703e93b15594a5e2bf372d9,Chip Token,CHIP,9
645,0xd98882b63a0da7c5d10064c2e4a1914dd09772cc,Wrapped Test,WTEST,18
646,0x3b71d04fa8db7e4a057d56c4151ab270f91c7cb3,Test 3,t3,15
647,0x2d6b9fe526f3c54f1bc8f995a3192e4a2a198ce6,nest,NTEST,18
648,0x172cdbffd55e8948670781887161553768fae33e,Test 4,t4,15
649,0xd50fa9bd3a3b0870583a7bcecdf017d31944bc3a,MONMON,MON,18
650,0xae1470ef038754ce201067790966ef4ac2815fb7,Test 4,t4,18
651,0x98ee473d4b8603549560e87b0371ca2fb4630084,Chip Token,CHIP,9
652,0x02c472f6943ecee452f77dd5b931aa4adb7b4dfe,Test 5,t5,18
653,0x92b811a403d5c05f337dd307aecfec771e0d2a75,Test 6,t6,18
654,0x2c9a8ab36848a5fb5ed2b0ad6b0d1fd009ceba3e,Base Junkies,JUNK,18
655,0xe079f60e0bbe65ceb99ab2f08f8413017c452abb,Base Junkies,JUNK,18
656,0x6b9bbb4e913db6c577e5f2a76d3a467945d8560d,My Old Contract Standard,OLD,18
657,0x67a611e70411e261013258b9abcf60f759dce710,The Guy Who Deploys This Is Ultra Gay,URGAY,9
658,0xb6e68331c5b85758ccadc93f84bb20dc0fdac961,WalletWiz,Wiz,18
659,0x3e23f381412d0bfba10412422fa8d27362661d46,Hotel AI,hAI,9
660,0x2977f14a1453544612fb161b2324e0c4be8c2448,Coin,C,18
661,0xa95f4b4d84db06a660011ce5bc5f0974b7b458f0,cc,CS,0
662,0x346c702736d506e3c7bb08fe453d386d63f99f3e,rerwe,weriepwri,18
663,0x1bf6093edfeac670390139c511e4236d71a4e4cd,T,L,18
664,0x6a60dcb4974e085bfa23e6a6311970a9057e7e64,MyToken,MTK,18
665,0xeddf632ee8512f748a1547f11262728ee00ccb3b,MyToken,MTK,18
666,0xeafdd25fa692d8ebbc84fd2bd6dd9e52c3b386a1,DEFefefe,DEFEFE,18
667,0xda07abc446a26037cf6276bfc9b898a1aacd9cfd,PEPE,PEPE,18
668,0x955884e07bc38da8f40e66511f7359e861b088fe,Token,TOK,18
669,0x70edb991bf44c0a6d854260a5a9681adaa3cce43,Token,TOK,18
670,0x911c9ac3ebb0e46e720836066605401159a4c671,Teq Network,TEQ,18
671,0xc65ab318a8e6688c20bb64c04bbd617054ae1c72,T,L,18
672,0x4acd6170cd70e15eb787374aa52e55671d4ac7dd,MONMON,MON,18
673,0x0bcc719a30a370104f0de149be7f3532b3b98d24,Astral Forge,ASTRA,18
674,0x331d093bafe297401af0e1274b3f574cd738ca32,Astral Forge,ASTRA,18
675,0xd60de4aa1572044a43e44762c2bbadb5d1add78a,Teq Network,TEQ,18
676,0xf736eb3371663c0a0d28fe1e96d3807823a37bab,Teq Network,TEQ,18
677,0x5765c5bc8f44e5b4f63c09d2db60bbc7e3d6da49,Troll VN,TUS,18
678,0x43a56944c434a1922cbb0d36166b0aa4f04c94fb,CaMaker,CAMKR,18
679,0xc4e93d53021ab439c2272c44d55e156c22471b0e,Troll VN,TUS,18
680,0x62e74478322cb0795394a38064553b1daad3c491,MyToken,MTK,18
681,0xa7f294c4b7c2e24bf860fe1efff1ead32d94ebd2,Troll VN,TUS,18
682,0x3cb55ace0807739df11c340980c56abf1d62e6bf,RACE,RACE,18
683,0x731457a8f9fb9682b67946e7c30c3d011b49635c,Starknet,STRK,18
684,0x6acb59c10f3d7957b76e0520d4f0917aeea0fa62,Troll VN,TUS,18
685,0x31be02e7f4b76a15a61f9c1a7cc85f40f26084dd,Troll VN,TUS,18
686,0x80b6861e27aa818677ca6064e9edb8e322ac0201,NuggetRush,NUGX,18
687,0x2f813bdd15e9f2821545dfdfbf9bb570fb88d041,USDT,USDT,18
688,0xcd6b2a3de83182af377aec5d71c261a0031e2fb8,USDC,USDC,18
689,0xab3af2e55e3163ec63618fe775b930cce2d3b747,Meow meow,MEOW,18
690,0x2afebea747af80bd0da560239a1438e65ecf0325,HUST AMM2,AMM2,18
691,0xadbb36d328eeed86602364a06fac496887e05962,HUST AMM3,AMM3,18
692,0x2e7edcfb88a545d5aa4c946287866a841af1db9c,Khi Khi TOken,KHI,18
693,0x071648d7a03c191e07dacdf8ccd3d30a3c905663,Mark1,Mrk1,18
694,0x097d90c9d3e0b50ca60e1ae45f6a81010f9fb534,Wrapped Ether,WETH,18
695,0x1852d9390300f9d8f61ac2ec69b4e6da5a178cf0,TES,Test,18
696,0x68e6cd769871a4056d66c420dd1b6c54f857dd52,TestToken,TT,18
697,0x50b53c0c98beca51ae22a25186c0124db7f5e1d1,MyToken,MTK,18
698,0xb39e2bb7caef7116ce3238a4e6ced221e75bc203,MyToken,MTK,18
699,0x9a06205b347fc41e3e9a71f86d111c5b12ac0f5f,Test 1,TEST_1,18
700,0x442ed5a1e34aeee5af714b6a4fb17037be319db3,Mark 2,Mrk2,18
701,0x1e15e42455091c4fc770f8295de883ae0db53433,MyToken,MTK,18
702,0xbf51c622d7347edd5a47aa6393f1a060a740cf85,Mark 3,Mrk3,18
703,0x1531391648d988d62cde381378037fd4419fb9c0,Test,TEST,9
704,0x5f34098b90f38127a504b934d11c687dd4da134e,CuteCat,CC,18
705,0xc787e1ba67273e74ed69f83dd0dcda1b6d946db2,Mark 4,Mrk4,18
706,0x1d1b2b0f81c3f28674e093ad4c52eac8bb6d773b,GO,GA,18
707,0x98993cc970d9d1ed0e64603b83bf28c0ab860f33,TokenTest,TST,18
708,0x95da115ac687510c103c03faf9fee62c1e265922,HUST AMM4,AMM4,18
709,0xa17218647e5bf3e566d24dc921ecc661abcf2647,TEST,TTT,18
710,0x8b47269d4029cf13bf200d31ffe368f014aeb064,MyToken,MTK,18
711,0xdf5a3a1e11126522a2316e74d55012c4b9708c5a,MyToken,MTK,9
712,0xc399daecfaca283465f2d441e9ce6b4c60657b20,TEST,TEST,9
713,0x4743a1437f4d3c63e7d26d170fb5d57408859e56,MyToken,MTK,9
714,0xb3c61fc6a31a40911caa7d663892509df5a77d79,MyToken,MTK,18
715,0x8efbaf6447b476af3c62bd880f5e1758a2fa7c52,USDC Token,USDC,6
716,0xa64b55eec89d73a93174db9a7862b7ed01ecaad7,NetMind Token,NMT,18
717,0x4ca0f67ce17e4680405c295a0c1500deafb58e86,MyToken,MTK,18
718,0x40c316b18d7de920120c8518a03cf92bf24dd54a,TEST,TEST,9
719,0x8bbe2c3619efed8e7561ec20daae60caf036549d,Test CHAMPS,TCHAMPS,18
720,0x1f893c1e391e106950aa377721c5aa585fc3f922,Token,TOK,18
721,0x98fb390d7a48c04514807f1c02dc7792c9ce5254,stark,stark,18
722,0xa62df094eedc64535beb55fee7d418b542b2828c,Wrapped BNB,WBNB,18
723,0x19c1fcb13a88aa9d4bed90320b82c1574896c322,Ukraine Token,UKRAINE,9
724,0xb6bdaef1ae4c857811e6fc238e5629bf4f569501,Olyron,OLL,18
725,0xef1d6755bf8e43e3fbf04987214b8b6a986647f9,Pepe V3,P3PE,18
726,0x3fab250b7b8098ae2cf437c3cd8c1ff588295b40,Olyron,OLL,18
727,0xbb298ca39f1c3269f5eb1eb4db0f4156ea9c1059,Matera AI,MTR,18
728,0x6dbefdf13ae021f61fb601a9b95ceb730a1f6042,Matera,MTR,18
729,0x9c1f8b6728da8deeff2c687c490fae77e74ac680,AAAAAA,TOKENAAAAAAA,18
730,0x46b8da1f26b1b031eedbe3d3e3d94538e78bd9e1,MockToken1,MTK1,18
731,0xa28271c8abb70bba310fd78fd86dcf4656b9bc34,MockToken1,MTK1,18
732,0xdd248e69ae3cba23272546bca9d4a68741701097,PEPE,PEPE,18
733,0x94a9d9ac8a22534e3faca9f4e7f2e2cf85d5e4c8,USDC,USDC,6
734,0xd7e9db4186fb1dedd82cd2324421293fecd722b1,MyToken,MTK,18
735,0xe6949ab23f810d4fbd0603c0cc1791aa0a8014ed,loktoken,lokt,18
736,0x0fbbe878e757b94380851b2d93c5caef528edd2f,SOLIDITY18,SOL18,18
737,0xf0cf9bbe749ec4aee8d23ebc2e1768a825de60a5,loToken,loT,18
738,0xa2c65f2c98badbaac5b98fd86c4721cff91749c4,PEPE,PEPE,18
739,0xc4a265d8e37ac0d41704122e5a9c43ec0e444f15,PEPE,PEPE,18
740,0x9680ff9ca40adcce956a5d5aba0732ab5f4a2e9f,PEPE,PEPE,18
741,0x2defa6a2c84e7eff3d27c1942fc53a4bb105b37f,PEPE,PEPE,18
742,0x56bf0df35c3a939c21d0fdd5d16728b0335798e5,PEPE,PEPE,18
743,0xabc391546b741a7cc2e1b93d223bfa8a77149448,PEPE,PEPE,18
744,0x5c0be595314d100bbdb7bfa2c7a1025e4de39a9e,PEPE,PEPE,18
745,0x769dfb58526fb5be6aa40344e44f07d14ed9b128,PEPE,PEPE,18
746,0x1d4abf30e6860604164be41e7a553555ba01d664,PEPE,PEPE,18
747,0x54a074c222a1674d8df37733aa825b062c04f57e,SOLIDITY18,SOL18,18
748,0x36d9ad29c27b7ec1922f3cdd9da8d0f2edddadf0,My token,MTK,9
749,0xa70fe304be2405801a5db0a2e53a2a499937fff6,Matera AI,MTR,18
750,0xa1902b5ea060b7e35022e89c23b3c803a0914fa3,PUMPMAN,PUMP,18
751,0x2b001d54f342cfe2075154300fdce3ac4a526723,The Guild,GUILD,18
752,0x7b313a0010110bf899fe06b3ffd2835a83619c2a,April,APR,18
753,0x638559d707f084532c716866775b36460ddcea47,Test CHAMPS,TCHAMPS,18
754,0xffae31da1cdba2e1e0d27a83055ce1dfd8fdbd37,Moladie,MO,18
755,0x9705bdabcf6dcbfc07dc2e92f295738da231da47,Base Junkies,JUNK,18
756,0x5eb19d48bfd2d4963d8ad0cdd814b417e1b86758,Base Junkies,JUNK,18
757,0x8b99dacaae13c48e66eecaa4264d9b0a86702989,Ttest,tes,18
758,0xd9a140cbf8ee0b6a5193d45afca78f0bb1fec832,Dumb Project,DUMB,9
759,0x155c75ee91c056dec974f2032da359a050830664,suka,suka,18
760,0x81a540c492357f3faeb80a1f484214a11bc14e7b,Hotel AI,hAI,9
761,0x1170ffe4f612ad0bc2b322d7bdfe42ce2866ebb0,Ttest,tes,18
762,0x3366e70312f8584e12a9fc6185397c395baced4c,TDEGEN,TDEGEN,18
763,0x77076fec7cf11b76aa8dbe4391357c2832d0fabd,tokenname ,symbol,18
764,0x2f3208a7a8cb958f5593312ed32be68534ee5d70,Motion Ai,MotionAi,18
765,0xf342724ca821dc882f48ffbead54298c64e72ec3,fsdui2,gsduiog2,9
766,0x31d761ace99752f05fc3c9a60826fb523f90d274,dfu3,sdfuds3,9
767,0xed07dc7a69cc549b69a86cbdd06247c457f21aa3,TestToken,TTK,18
768,0x5605a9fdd01582eee85f58ec2596093c02137c10,fdsuo sdfuods weri,dsfsdoi,9
769,0xb06525dfdac73d6f93cd84e0beea15f3f6120116,PEPE,PEPE,18
770,0x5382f937cbae66db3b1fa0419c9ef306cb254001,PEPE,PEPE,18
771,0xe204a11d94a7a6cbcc8bd2e161aeeb1beb967d24,Learn Token,LEARN,18
772,0xbcbf0609abdb86c00f71c9d471905d3c1981b835,MARK1,MRK1,18
773,0x2ceb7c30a20c2e107d389a4d8e0db96fc4f51c82,TESTTOKEN,$TEST,8
774,0x2114d3dc77b11761dbfd0751d87867d49d2e27e1,Rolloff,Rf,8
775,0x9d54390df9fdc60f2b25ab85f8680b2cf302520e,Rolloff,Rf,8
776,0x24f0de239434541ed8b6fee73f6ae28208849d98,PEPE,PEPE,18
777,0x9892942ad769629e69a79395f3069b361dd4d45d,Tax Token,TAX,9
778,0x9f0f5a8cd4d94885793f447b621adf420259869f,The Guild,GUILD,18
779,0xbf9240be3e8dd3d31a761d9d0566908fe3f22b47,MARK6,MRK6,18
780,0x371345f4d90e95d1ddbe69c547028f311adeca38,Tether USD,USDT,6
781,0x61272defb0220816faa3ad50d24cc4a729eb9384,We r CUCKS!,$CUCKS,9
782,0xfa38b962562df7f9eed9d8db3cc261053efc263b,USD Coin,USDC,6
783,0x750c21dab85d030349ef4b60fdf02b2926c9bf6e,teswtiung,test,18
784,0xd10b9c5eba3b40625addf0bb3fb7d3ef8dee6bfa,Naran Token,NARAN,18
785,0x223013718d3d750a97a6afc44a04614c2f104013,Drew Roberts Contract Standard,FRESH,18
786,0xc88b1c20459fd5fbd53e469478a6c5f3655e79b2,Monday,MNDY,18
787,0x09a7c37f54654f0acf18e38614b5de3b150b8453,Naran Token,NARAN,18
788,0x5519c66f0418cb9dd43d4fc1180095953a12ec3e,prophet,PROPHECY,0
789,0xcf83bea0718b1642174a128934369d9e363befe8,Naran Token,NARAN,18
790,0x732c165f5935355f854b94e9e3c33ae7004c66cb,Naran Token,NARAN,18
791,0x585e4881b823d2faf98be11021bd26d1938e2df9,TOKEN,TKN,18
792,0x76aae2054a866468e01fa7ac33584b9e4fe08751,Naran Token,NARAN,18
793,0x3e4196237db05d8731ce2067f7319b8d9c60c5f6,Naran Token,NARAN,18
794,0x8009ee8495726fd5d060c587a4ef7fb783829035,Naran Token,NARAN,18
795,0xeb6ed9bbbeb8b50b78cbe3c69699bef5dec60b72,Naran Token,NARAN,18
796,0xa12420738ccf052f5846a43baa79de5e5d3d32a3,Rug,RUG,18
797,0x647106aca46ce902c86b636715d7c372f7fa72d9,PEPECRINGE,PEPEC,18
798,0x59fdc1317314ca929abf5bfef9dcfaaabc0a2ca2,TEST,TTT,18
799,0x735cf22eb57efc975af3772163050490c393eec0,sepoliaBegin,sBIN,18
800,0xf691ba9562fcb5d4fdf6b056cd55785d5a7c9043,TuesdayMorning,TM,18
801,0x12e93e329fdba830ca5b947db52e38c15c74dc0a,Naran Token,NARAN,18
802,0x3e98867445629f6de2f80e1371b633a8af1ae142,BERRY,BERRY,9
803,0x89d5f5df0f153590f287dc293f1620a846e992a4,TREE,TREE,9
804,0xa40a229a02a9dc8e467c993ae089aca7121fc58c,GOLD,GOLD,9
805,0x4dfa4e5c4cc4a0e1f31e73f01a67ae91bfbdb770,X Bitc Pepe,XBP,18
806,0x42c0ceccf260ca2df35b02db3f73bd1ddc54949f,Teq Network,TEQ,18
807,0xaf0aefa3f137edc0ce0deace2dfd7b06dee1d28c,CaMaker,CAMKR,18
808,0x0e1ba75f661dbcb19ad3d512a6e603ef18d889d2,BOTTO,BOTTO,18
809,0x984599286bf67b93649c53a610f12ba750a94d6d,BOTTO,BOTTO,18
810,0xc101d5bd6e6e1074088ea70c227a9683dcf39dd2,BOTTO,BOTTO,18
811,0x3490e1ac121a024754fa1661e08845e8f67243d0,1CMTest,1CMTest,18
812,0xa60d23583e27a1f04bbc334192e4ddb2930f7af5,1CMTest2,1CMTest2,18
813,0xcf2f7e367410ad0f02bc0697fb2e7c2eccf74b76,BOTTO,BOTTO,18
814,0x7e23f2d61f213cf378a42871eab96f2a34c79565,Test token,LINK,18
815,0x8f5328ac241e7e98298074d83c5d886270c8784a,Test WETH token,WETH,18
816,0x8e839596feae289ec1ee4a7fea8c19e9c5ddcc1c,Ttest,tes,18
817,0xc37e8ee9d5814196b1825ec0d7759d204e615f7f,BOTTO,BOTTO,18
818,0xe43476665f950b2bfdf5e9582aa727fc3234ab86,testtokn,tok,18
819,0x98b7bbf00333f25d10199bfccf494132155e7ab5,X Bit Pepe,XBP,18
820,0x8b33c25c224970b6870362b7710a5c5e7e21d0d0,X Bit Pepe,XBP,18
821,0x150722b39bbbfa76b5160a01fa56d8d5d1085f2b,testtokn,tok,18
822,0x6c52cbc12dd861208d61c44fa75d36ef8adca303,X Bit Pepe,XBP,18
823,0x06d13ffe2ad68b650280fa14620ba792844ed6ae,Rizo,RIZO,18
824,0xeeba884aff775187f2f303528001f4547e66b212,testtokn,tok,18
825,0xd8c2922b128a2c0a55566c21928a49e691464df2,Rizo,RIZO,18
826,0x51a9b0079721171b2ea97348f064e5004cfe7e04,testtokn,toky,18
827,0x656a157d2646553d6164828965c5b49c226d80c1,DragonMor,DRGNM,18
828,0x6ba57cbff84e970cdc62120a059278cd5e45d9be,Naran Token,NARAN,18
829,0x7c8d9ab949e2eb924876060da82827cba5eb620c,Evolution,VLTN,18
830,0xa51748fe6fa83b391110fabcb3dd23d8249cc847,TEST,TTT,18
831,0xbe4d8719fb97f08d2ef1470ad05ac64ef92feea9,testtokn,toky,18
832,0xf4a2609554f1cf3b45d45f8c6182330d013908ee,PancakeSwap Token,Cake,18
833,0x7c8c79fdd14533548e235e4965a718a043e5dff2,PetPet404,PetPet404,18
834,0x1370fbd62507b7ba192bbacd97277e0a57eb14c1,Naran Token,NARAN,18
835,0x65c3a661fb40d9638773464c8702b8070101d9b9,busdt,BUSDT,9
836,0x1d155801a774564f6d950fe280bafc7c21106920,4Token,4TK,18
837,0x1ace9b46ab330e5805252a5f3d4d586205388f26,5Token,5TK,18
838,0xbee95e7a6ddf0aa1213590b4a993cbaaafb6d76f,TestToken,TT,18
839,0x927f79c07751b5f94676768e807d289eaccf5efa,testtokn,toky,18
840,0x894b3099cfa6b31223bf0574ce9d78761e12354a,PEPE,PEPE,18
841,0xa0f88a965fb1584e258aa8c58e684fc66a4ebe9e,5Token,5TK,18
842,0xb087b56079e79bb479797d4913e0191a84ba7e15,TestToken,TT,18
843,0xdd161ce349dedc5f35634f8f3f6b1db3f134b9b6,TestToken,TT,18
844,0x9c170e6d0a9f7b9330baa4c26fa68455fbbd9740,PEPE,PEPE,18
845,0x236f2a0b99d4366e33ac04de5eae54afb968e5c1,TestToken,TT,18
846,0x52f007430670bfe3cf07296a38029d58ffee1c50,PEPE,PEPE,18
847,0x9ff766bb5e33fc2af2b0172d193e8646d9349528,PEPE,PEPE,18
848,0x7d76478d17b2bf325f3f3afe7b914519784a26c4,TestToken,TT,18
849,0xf31d6d2ab20774ce0e0df09bd8ee85ca3befec7b,TestToken,TT,18
850,0x6efe8f15d5683c8a2a404f49b654077b42ef563f,PEPE,PEPE,18
851,0xf86b3ebfe35f6158e4104be30d20ef1361269759,TestToken,TT,18
852,0x7f70823dca28cb9b58c7eb3db71aed33642c8d85,TestToken,TT,18
853,0x2822d62ed4c52c7b9e688fea9b9f191e56733f77,Olyron,$OLL,9
854,0x1cd8b42ea8e1e098696412808f7130d764b37133,Final,Finale,9
855,0x186a4427f26d97db1ebb9ba2835a708671227423,PEPE,PEPE,18
856,0xdb1f38c70f5beddb8851f554b5dbeafc1c502be2,TestToken,TT,18
857,0xea48b8221049ee1bb57dfa556e807536ecf23a8f,TestToken,TT,18
858,0xb4976beb80780bdd9982076f54d0ac9eb71920e4,BOTTO,BOTTO,18
859,0x589b817520d04380ca01ccb4ba4436ce889dac70,TestToken,TT,18
860,0x297eff4e4848159f8e034dde7a9e492af447cc91,Teq Network,TEQ,18
861,0x88a134ac401fe2cca9bcc046491ef5d83a3026ce,sdafsda,werewtew,9
862,0x9d30c6e34c1ba0e1269e269c8df53d4dd221206e,PEPE,PEPE,18
863,0x44146c45d9c3495d350617f6c19d10226f971f3b,MyToken,MTK,18
864,0x126b7cc5e06086a45fb69105cd75e46e8f2113c3,TestToken,TT,18
865,0x45c518616c7bc9e9e3a972de46f2f0dcb505a172,PEPE,PEPE,18
866,0xda317c1d3e835dd5f1be459006471acaa1289068,,,0
867,0xf26794daa3db219690938f05db813b732a2a207a,Eterna,EHX,18
868,0x09750a75121f787441f611fd1d953aa41b3749ab,PEPE,PEPE,18
869,0x9729f2e9882b39b07e7effe5cac36b3f189fe676,BOTTO,BOTTO,18
870,0x8f8346e323f4e22d3454e23bdf18238676e8f75f,TestToken,TT,18
871,0x9dc22988843c7f4c383dc832ef6dca36d1d1f43b,Eterna,EHX,18
872,0xa670905139efbad251f65610cea6a0f303323b23,PEPE,PEPE,18
873,0x76ec1267fd894d2e3735e3e1ff39613c1f42f6a9,Eterna,EHX,18
874,0x0f1020d14e5a83f9899441b45e11f3ef48393198,Eterna,EHX,18
875,0x1cffc02190ae308cd33fb40edc90cfcc369f51a1,PEPE,PEPE,18
876,0xeaf5a3e3bf16b16bfc9f1386feabc63ec75be48d,NodeAI,GPU,18
877,0x3676ae19928f64a6372116e97795dd8ed82e8118,HumanityCoin,MTK,18
878,0x154e9f358e35217e3597cf8ceb9beedbec53932f,The Last Dance,TLST,18
879,0x8f1c5fdc980f91bf3d83db74027d929262bd9513,NodeAI,GPU,18
880,0xb85764681be3797300b9efe008226c2daa2fb4f0,BOTTO,BOTTO,18
881,0xaa6ff81dbc15347a491a5732f21bca812c865f67,NodeAI,GPU,18
882,0xe5e3cf2b4f7cef6d26bfcee1192f29dc3c10ad40,NodeAI,GPU,18
883,0xb946617eadad1c35921e25ed871d5b12ce15f11d,MyToken,MTK,18
884,0xbe72e441bf55620febc26715db68d3494213d8cb,USDC (test),USDC,18
885,0xc4db66957cbe9e06b33b2d4578386f9b1f49f7cb,MyToken,MTK,18
886,0x517dfa3dc664bf2d4f4c5489acbe9391c143614b,TestToken,TT,18
887,0xde39711f4231aed7de336d3b0762ecf0fb1dc60b,X Bit Pepe,XBP,18
888,0x5304a1e28e3be263b417578774b6c9ca3d4c9c04,DEPerer,DAPPER,9
889,0x4cc16d8beca90305f44bb800bcb84414e40702b4,StohCoinTwoERC20,SCTE,0
890,0x6cffc365da49d5c86c602a0685d2839cb4977e3a,StohCoinOneERC20,SCOE2,0
891,0x57e2be45b8f0874bc81dd88bf068c0f54a9be966,Trading Token,TTX,18
892,0xa966fc3f82f8fdc6aec20ebb4f15c10e1191439b,TestToken,TT,18
893,0x89ecf0a8722087217f480fc154e8474eb436d317,Trading Token,TTX,18
894,0x45858fe32391cc2cd0a245a997f9786ca9adf29c,CaMaker,CAMKR,18
895,0xe2aec463ce02fcd7bed21867e0a81947d6f6f26c,TestToken,TT,18
896,0x60282ef842d83ddccf4b540145591da9eaabb368,Trading Token,TTX,18
897,0x74f77f2e45c92d91973f9c09b149493e48664e61,Test USDC token,USDC,18
898,0x089d3ad50766fb34cc40124a7fc4c7d81a378ef0,Wrapped Ether,WETH,18
899,0xe4476a4fc458d5d5b7a021ebf98d40ab1867f558,TestToken,TEST,18
900,0xbb5ad3875cb626a0007d24cf2f5681c3bafbcfc6,Wrapped Ether,WETH,18
901,0xbea29caf634c2309aa4cfd381de616391b082c27,TestToken,TEST,18
902,0x326176974f331bfb130583ce3798ba48060e59b3,TestToken,TEST,18
903,0xafbe4b312fcb17148354488fb1394da8e087e273,Wrapped Ether,WETH,18
904,0x24bb25ece4ed7ec343925f7a6919427b96d2dc9d,3,3,18
905,0x587decaebfd987b836ef7f9b839b936a07f2dae8,Mega Bit Pepe,MBP,18
906,0x85d74747a1ec957d029c6ea62adf1d9959ef9a3f,TestToken,TT,18
907,0x66083972ae21febac7f35855175204b5fad21bed,Mega Bit Pepe,MBP,18
908,0x9d42337738d02ebceb1a7db5b95623459b752211,TestToken,TT,18
909,0xa5dcfdd5a6987618b9cfe4bf90332bfb3dde04dd,DragonPie,DRGNPI,18
910,0x04e29d2734eebb8f9eaa814340d2191e0fdfb4f8,Mega Bit Pepe,MBP,18
911,0x836088996fd0600ee52458032571381daad03b71,5,5,18
912,0xdd27161dd2799d9e70d66fdee0ef4eff38b3bc27,MoonToken,MOON,18
913,0x62e7b57a3d833cd19a1a2ae423d4fe7812f2de48,TestToken,TT,18
914,0x88f3aa0513d8a30439ed70cd631a89ad1386d63e,Mega Bit Pepe,MBP,18
915,0x2a5146fef7e4c76506bf958b62a4b83b8d5ab5a1,TestToken,TT,18
916,0x29578fda5e165a60972c1785bafc4e0fa54bf361,Omega Bit Pepe,oMBP,18
917,0x4667c88cd39a4cdb28f89e47e71d80ea2cb93498,Omega Bit Pepe,oMBP,18
918,0x7676ee5badcf83dea8741b60fb12dd4c965c4bf9,Omega Bit Pepe,oMBP,18
919,0xd858cbd1eb9b5ee274f366a95c0f55756515f720,Sortitio,DICE,18
920,0x0bfaac0cbc64d423ea4237c332ba95de23602216,Hello Pepe,HPepe,18
921,0x6fd7eddb3ac6f88cdbff454b08824808a155a746,TestToken,TT,18
922,0xb9de48303ddf470b9d5580b2ac97aa0fad8a81ac,TestToken,TT,18
923,0xcdcfda4c36f8fd19f790b132ca6a6f13cd0f5d80,TestToken,TT,18
924,0xdef9082de4c693587f14bf21dc644d49faf8217f,TestToken,TT,18
925,0x93bdb4dc0e00461dee1c995540dd59b3f5445b0c,TestToken,TT,18
926,0x1ce48776a3f520c4094280f80a3f28b51fa14f8c,Degen,DEGEN,18
927,0x84343b84eed78228ccfb65eadee7659f246023bf,USDC,USDC,6
928,0xa1493a5a7a7b29f94ed673dd71f17b02c340418f,6,6,18
929,0xf5fffc3d3e33a5ae54435c5d88c86207c1c35766,TestToken,TT,18
930,0x5fab19d643980482586c0d817b9acf9a5ae035fe,TestToken,TT,18
931,0x0acc26c2a503f12571526b1d41bb0ac1a6400194,TestToken,TT,18
932,0xfa36459994135bb55c5841e576fc736298f52e62,TestToken,TT,18
933,0xcec948a5762b9d93b9a5854a35eca0195200cd9a,7,7,18
934,0x3080a3694ff629360fd1a3e2d537b768e9f5ea23,TestToken,TT,18
935,0x36b9cfac7d104d6bb5cd498ebb30434d19ddbc56,TestToken,TT,18
936,0x08f23aac0582a15e1024ca90167902bd66fd0695,Test Coin,TEST,18
937,0x495d7fd64934e75770ac38d8c12cfccbe20f2870,French Hedgehog Token,SLH,18
938,0x5eae29133871d194f4fff69f80497063c316a644,Zanecoin,ZC,18
939,0x5f2d0c4557f9c847e3824ea9fdb03add45003b7d,8,8,18
940,0x03bd07768f4e62b6865c67295e7c594c48147664,8,8,18
941,0x3fef07dd34d82f8ad7ed7c964ac85ae74d74da43,8,8,18
942,0x4c145e1ee1f4df5630b071665e3749a400a8eaf6,9,9,18
943,0x77dba9910be1946e56f042ce29a22a6b1c5a38aa,9,9,18
944,0x7acd55f344ccb3401c4ca3203ce99a0c367e28b9,9,9,18
945,0x49591e7b724c91f9b7f6d03d9f1186c8b2622734,Test Token,TST,18
946,0x6488dff42cf5f925c96ef7009b3787b7a01fc213,Test Token,TST,18
947,0x3d2538249dbd7f41207df55a8a0c1d41cfae3c22,9,9,18
948,0x45bd3ba74855ddba1353cb0977c24cf048bc8623,Test Token,TST,18
949,0x70d0d246d916af4a62b9b5f83a724e7b1b2427c7,10,10,18
950,0x82e188c1d38d9f56ad8ff9e8f1622319051b7527,Test Token,TST,18
951,0x88a928636d3db9a2aee04fa4a5b782e5ff5dc088,10,10,18
952,0x6c535278d6b37566492c83e63221836e9d6b2be4,Test Token,TST,18
953,0xecd2214e5eb5b6bb29fa02bd602b6c79ec8e646e,Test Token,TST,18
954,0xc1e69c3766978cd069e73458adaca81cb931969c,10,10,18
955,0x7b1858b0c5a3d562c4d7574b5896bebd8b7d6d59,Water,Water,9
956,0xf8c9b1a72aefb99f7a6086161ba4ff9093e4a8db,10,10,18
957,0xd2184e01dfc93bdade100fdec03e8f26dd24975f,10,10,18
958,0x799596e9caa72f32cf493ef942ee23e7498688ae,11,11,18
959,0x4131cb2c0ab61f4aaa40265ffcd87f42c8235f1c,11,11,18
960,0xa963d9e19816206daec3523c3f9c8c3e9d3fc036,11,11,18
961,0x303b1542f3f59e896ed4b765eff1462ad75b3f42,TEST12,TEST12,18
962,0x667412a85e5fe63c671c7e63547aeee4123ea26d,Tether,USDT,18
963,0xf196f4575b387ac0b1cedf84d0974e400d0f5d4f,YESorNO,YON,9
964,0x457b44c00f37e929cdc21b7b6ffa4cece2b3d51b,Eterna,EHX,18
965,0x87f4689b421d0109dbe15e28bcf1d321f357c012,Eterna,EHX,18
966,0xe87c72956ec84dacca7a26e77a4742e5337d9119,Eterna,EHX,18
967,0x47c1da4949e9f9fa89153157043a071a9c369918,Eterna,EHX,18
968,0x36e0407b1f870dddb8bdffe85068e28e102e5e3a,Eterna,EHX,18
969,0x8838bef4eea0313665eb4c566c3db79f24a2e480,Eterna,EHX,18
970,0xe5a41574c778ca2452422fde3dc6a664f8885893,Eterna,EHX,18
971,0xc59a04cc89c794b01c53f651614346e788fcec3e,Eterna,EHX,18
972,0x0470fbd8de5cd46dd98e76b411fc856390c9ade3,Eterna,EHX,18
973,0x8c55eb66be58b82291a0b040b9157793e3873bf2,Eterna,EHX,18
974,0x52d60dfc1aff8ace852de91d95d2333c7259a282,Eterna,EHX,18
975,0xa54a385644233d84caf7df1a14c61574f5ee95d3,Maxis,MXS,18
976,0x0e9bb0b1fbbf96a287ab3fe429bcfc5702f6d438,Naran Token,NARAN,18
977,0x557a479901e61d24140d32e6cceca6bb3476360c,Naran Token,NARAN,18
978,0x932fd57de12754194d70d90c637296285dcaab0b,TEST,TEST,9
979,0x15ec57d367fe580041aff0d728085a1397f15ced,TestToken,TT,18
980,0xfc6d46c90544dc7ead00ee260bd9c6cf115cb051,Amir,AMR,18
981,0x4875c7231741d923026e72b72a27d4e2ee7db054,Test,Test,18
982,0x3efc695bd7362204cea43a55d7e62ef4548954cc,anonymous,anon,18
983,0x60df1091fb5ed2aeb067e56fd5f295225a4a6ee4,Naran Token,NARAN,18
984,0x7bfa5e4a0d5d43f71f78bbe3a863efc8499804cf,anonymous,anon,18
985,0xc24a8d1cec4c834227fe3fab62006394a12f1f23,Naran Token,NARAN,18
986,0xb85aea45868394d1f3dfc954ebd897a2e86277e1,Naran Token,NARAN,18
987,0xd8ce413bb83841f0239615be11cc290a2bc3d244,Naran Token,NARAN,18
988,0xb07c8807ac585f10205c3da2bed7617e12323521,PetPet404,PetPet404,18
989,0x5996ed54e754a973bd6b5587aa3c0ff8af5a2b76,LLL,LLL,18
990,0xcad82d6240def2b32051d8e1ae26233b6d8436d4,Wrapped Ether,WETH,18
991,0x67f811b930933ca5de53c5bbeaa2d29ecdcd6836,anonymous,anon,18
992,0x09d8486e42aa76229a563bfa0f07ca301acd29c9,Few Wrapped DAI Token,fwDAI,18
993,0x2e4370fdc49d93c43820296d931e1a36446417c7,Few Wrapped Ring.Exchange,fwRNG,18
994,0x000000da2680f328ad68c5cdf7f45c721c6fa0df,KSAI,XKSHIELD,18
995,0x0000001263909254306c6bcfae32f22aa748a27a,KSAI,XKSHIELD,18
996,0xdca8742ce47962909db4d3920e130b9252e151a2,MyToken,MTK,18
997,0x76ac72683c5b7f22c6b5ed85b5b1511702464f7e,Few Wrapped USDC Token,fwUSDC,18
998,0xa0267c3508da0c6fa0ec654146f554ac05b068fd,PancakeSwap Token,Cake,18
999,0xf559fcb69ea0b78d21b7c93ef45f35cd2fa19692,Wrapped Ether,WETH,18
1000,0xd50e12b251b6090c860e677d826abc266b44dc21,Naran Token,NARAN,18
1001,0x41d688e45c8c42e833609d1eef8b9e015bfe6aa9,BOTTO,BOTTO,18
1002,0x545b9be349091f9be5a422030df7b3a0a80f951c,BOTTO,BOTTO,18
1003,0x7d041ab45abb0f45ebfef21ed5dba095aa3d6d3d,Naran Token,NARAN,18
1004,0x2fee2d9497a65d61c68a1fa55ae9bfb391c96c07,Azq8,AZQ8,18
1005,0xd117df5eb3ae98c2b9f722887e6c3e9f834f520f,MTK5,MTK5,18
1006,0x876b76d55bb5ddcbd1c65352bfb4d503a62e1f96,Test USDT token,USDT,18
1007,0xf236ef1875a8d3b4ace71cb95f37bfacfb1d7bcd,anonymous,anon,18
1008,0xc15bcbfa8ee06d98f0b7b14f6e04109bc751c622,Few Wrapped Ring Governance Token,fwRING,18
1009,0x3d32ce64c2b87a48c35fef239e381ebf68b08c71,Azq1,AZQ1,18
1010,0x57956d2096617b44d700ac2c57a8582048c71b18,Test USDC token (v2),USDC,18
1011,0xf097ab5d2e1499672ea7b17ac2e5552d88442d83,Simple Token 2,STK2,18
1012,0xd34cb88ed063d62ba970ef43fdccb6209d359d0e,T,T,0
1013,0x0a3b9365d9b39818c63035472e5535fd0d981f40,Starry50,STR50,18
1014,0x422535803cf0b7c6fda969c13b8c8eba16e575f2,Starry50,STR50,18
1015,0xa730ffef00f811673e7ec16cf9ff6cb088c1ad7a,Starry50,STR50,18
1016,0x7d126eab3efbd50e406ef1ca3d477bdc13c4a941,Starry51,STR51,18
1017,0x2881e32411bf4c674e578e6e75296b16c11ee7c8,5Token,5TK,18
1018,0x147275c5fc70ab103934c89b274ad55168b7f306,Starry51,STR51,18
1019,0x3238e2645f66a4b800fa7c14c1280ed3ab059585,Starry51,STR51,18
1020,0xeaf2d6c81fd84b597367ea0815786f9978c32465,TestToken,TT,18
1021,0x69568058490489784b5958247b09aa44eeb3fd8d,TestToken,TT,18
1022,0x6535a39f4578dcc253f1adadddc9dc7a6d56d788,tkn,ttn,18
1023,0x7e1085b0dde0a6f1bd7d0067904e761c09fdf1a0,Example,EXM,18
1024,0x8812d9c4009b4a826f2ad523efec8d2efb393f1c,Prince,prince,18
1025,0x78c17e42160463503e144640b2057281d9d9968a,BOTTO,BOTTO,18
1026,0xc3ab89b2abe0871a8a9a8ae88f6518ddf687e21d,USD Coin,USDC,18
1027,0x2b99e97e31d9e1056b6a1eeb4de14ef06d951ba2,15,15,18
1028,0x8a003d1b54c92398ab5d54eeafa5552791348045,Prince,prince,18
1029,0xd8dbb2a17c645b441b1623b471eaa03e1dcff01a,TEST,TEST,9
1030,0x99d7f584629bbf15f42aa719f1f4f38298203bf0,TEST,TEST,9
1031,0x5dc45250b00d999a57c7280b2351aca616e162a8,Starry51,STR51,18
1032,0xe9bbcf13ab78419d32387d33bf6bd3673bcb56a9,TEST,TEST,9
1033,0x74b086efab517a79e59b6d15d8ce274af7e36f2a,TEstie,TESTIE,9
1034,0xe41a28ea77308c8ceeda99da94734e13928126a0,TEST,TEST,9
1035,0x63c8ae4b4b004d1837e765b9aaafca3f8c57d055,Starry53,STR53,18
1036,0x4053d03f136cd47bb52ab30979eaa8a9f7d33bf7,TEST,TEST,9
1037,0x396b1d2f019ba9d22f2990d0fb65196ec215bf56,Prince,prince,18
1038,0x26c8c061018b48edc9a86c32ad544ef4a24a7bdb,asdasd,ASDASD,9
1039,0x9585e653d3ea91c38b62ae6f82076154c6e6b1ce,sdasd,SDASD,9
1040,0x41abddc543757a25d29be15ae0ea335cc6e3b60c,BEL,BEL,18
1041,0xfb0ac6bd0162d6683dbb3e27a9d4274baa1c8ff5,Starry54,STR54,18
1042,0xa307ed445a6ac96420156ec2f26d3d6247db44be,tkn,ttn,18
1043,0x211055f9dd084b5a47fcb7bf35d0c7d9eccd00b7,Starry55,STR55,18
1044,0xafe0dc3ad87a9f27899d5cea19db0da07653fbd8,Starry57,STR57,18
1045,0x0ba7f0256b4300bc60b88e49e6afb3c4dfafc59b,tkn,ttn,18
1046,0x8ef94d3f460c94a2dffa4b064a84f584b3435176,Sortitio,DICE,18
1047,0x2662c5b4e01ce4b5cd3cad8dd54a3992d35d9fb8,Sortitio,DICE,18
1048,0xef829932c058ce1ba171d4e8f4d80facf30819ee,Sortitio,DICE,18
1049,0xe0d79b2c9687d2751998a8f9c42f40af40faf873,Sortitio,DICE,18
1050,0x5bb5b2fb27d73e3349a51214a035cbb799835a9a,Sortitio,DICE,18
1051,0xd09236180cedb8dd58eb1b6908a530d2bd56e6e6,Sortitio,DICE,18
1052,0x1467ca1500278ee805dae38d5b01264b551851d3,Sortitio,DICE,18
1053,0x8c2efc4429f62305e37c2c925bd7fceb0beab3ad,Sortitio,DICE,18
1054,0x70b5094cb56c86a6de7987c97ab2a47ca3b2aa6d,Sortitio,DICE,18
1055,0xf8d273743c3fb5b972851b244b1c69075f6ce3b1,Sortitio,DICE,18
1056,0x6ac656abe595b307a96d95b7eaa6a939da9ac9d8,Sortitio,DICE,18
1057,0x0523eddc515b1243f88cfc0102154cc0f6a603b3,Sortitio,DICE,18
1058,0x91c85292fd966bf01c2cc205680fa32015da6621,Sortitio,DICE,18
1059,0xd46a2ec796718d321bf19b7bac104f11d0c71a4e,brtest3,TRGBY3,12
1060,0x7ac73b349e12992059290e815617cd7e3d2c1e73,Sortitio,DICE,18
1061,0xd96b19a902945a53469e617272968809b98bfbb8,Sortitio,DICE,18
1062,0x1aa35279bcb69133ce4096b8c31ea2f83dfb14c5,Sortitio,DICE,18
1063,0x147e48438e91dee281bba8327a2145c54e346d6d,Sortitio,DICE,18
1064,0xbc2f86bbf40ab23fc733de6b451a60de4deb2951,Sortitio,DICE,18
1065,0x4ff150c85c9dbd8fe3244e93c7b40f6eaf6d6803,Sortitio,DICE,18
1066,0xc5f3fe9e9aaf490727842dbbdafed4c561d72164,Sortitio,DICE,18
1067,0xb328cb4645f505e29c180d38f8b6ca25c707d976,Azq2,AZQ2,18
1068,0x6b3a82988b62a1dd5e6aa874a32ed9ef2a216cf9,Sortitio,DICE,18
1069,0x3e55ec1b2d49ad03cf2dcb647d7669f9eee60b51,Sortitio,DICE,18
1070,0xfe9ed5e295b894af09b4fa7a2fd562f5ed5361bb,Sortitio,DICE,18
1071,0xf5dbf11033822f368065cb06d74509af98c8fd50,Sortitio,DICE,18
1072,0xf76263e33524482d2c1e4d925ffffa2edcf195a5,Sortitio,DICE,18
1073,0xc55754c6b5adbdb545eef2127b0e533642378354,Sky Sky,SKY,9
1074,0xf93f7c51f323c04919fab78ab7f9295d1213e9ac,,,9
1075,0xae9f0712486cd1ed043ab1f85aa53b79809e0b99,Sky Sky,SKY,9
1076,0x5cdb5575838b337a18cc75c142169d3b855c755f,Test DxSale,TOKENS,18
1077,0xeb323a346f2234fa018643149255c44bc17f844d,Sortitio,DICE,18
1078,0xe76883f4176bf781bdaab121d35aac566bd20439,Sortitio,DICE,18
1079,0x64af6a87735b3daa030c0943dbebc4d12e1ec27c,Sortitio,DICE,18
1080,0x9a00347823c57e8912a4a72e02965a5e6affd5d7,Sortitio,DICE,18
1081,0x3ca5d7d4d4c7110c0794c3e7170c17dc0f3b2064,Sortitio,DICE,18
1082,0xb3874c9af9886fe1e5eb56e7f44054bc969b5fb1,Sortitio,DICE,18
1083,0x44129266df612ca7581b085564c12571663f9156,Sortitio,DICE,18
1084,0x3915c1a60b38e199e2c21a70c20b008ff2891278,Sortitio,DICE,18
1085,0x1ab08bf27fe7ee0d95e9bafa6feb756a4692aa07,Sortitio,DICE,18
1086,0x6f8437dd1c824d479d201c3147e780ad33dc2092,Sortitio,DICE,18
1087,0xcdecd0636885e0828d5c8d87fe9757a682d9f370,Sortitio,DICE,18
1088,0x10bc806b22f0e1d0389ed64ff55b2f174bcf6f1e,Sortitio,DICE,18
1089,0x9682bd1fbcb68d9ea8410b9007be82282c1c586f,Sortitio,DICE,18
1090,0xa134d790e5acb08990cc0e34eb3c4feacdee1521,Sortitio,DICE,18
1091,0xf500cfa8349b1686d927e3f528f03d6288f98377,Sortitio,DICE,18
1092,0xa90b725dc3f2f2818b0537eab1255bc791c951a5,Sortitio,DICE,18
1093,0xf90234ad8f0a9330d7bccd0db9149b80bc7dbe62,Sortitio,DICE,18
1094,0x14687dcb1f0dcaa9b1030d17d0786262a0e6c5ab,Sortitio,DICE,18
1095,0x3f5e398cc8b2ff20edaa37467cc16d76d802ef5d,Sortitio,DICE,18
1096,0x537868d7194d7087901b4faa1a5fab099e1b3afa,Sortitio,DICE,18
1097,0xfbc3dc594022739890b486e506654389b0381ab1,Maxis,MXS,18
1098,0x13a95a3fb20424d8249d9c1bf9f046a0c30161f0,Sortitio,DICE,18
1099,0x462c43d2e0ead16624712007085dfc86bc1eccbc,Sortitio,DICE,18
1100,0x455032cc3c705568671a4dc5f1b03765b05e0375,Sortitio,DICE,18
1101,0x9b45026eeda3b4267b984bfb9f85157dd7db20b8,Sortitio,DICE,18
1102,0x3851ccff40c1b3d3d4cff78bf6470e339d4f8a73,Sortitio,DICE,18
1103,0xabe4ec956f7f029f5d7c8fde9592333aadc4d9e9,Sortitio,DICE,18
1104,0x57a913b0fe9131cd090bee0238ce74dcdd1929f1,Sortitio,DICE,18
1105,0xd31fd253d4a7939b6c05f0fe5b0f239df2efc628,Sortitio,DICE,18
1106,0x512436409322fa710dcbc32c46e729b9a8548752,Sortitio,DICE,18
1107,0x50f71f2cfc5198846008ac1ccd32c464bf8ab886,Sortitio,DICE,18
1108,0x20842d2a8a346341539a4a136e4e19c25b71b45f,Sortitio,DICE,18
1109,0x28b13b9c1c2329530af9d5ee4f370bf0428546cc,Sortitio,DICE,18
1110,0x0d49c14c5a0bedc38ae2e1e6ab3f35a7ce181bed,Sortitio,DICE,18
1111,0x0ceb6b48588fc80a6355b85e9fea7a9b14e2255f,Sortitio,DICE,18
1112,0x9357c5804b8a44d12cf2110d86ce0b69ede6facb,Sortitio,DICE,18
1113,0x681653fc35e021ca1f31baba70b95e1a463a8a06,$BeavisandButtHead,$BBH,18
1114,0x2d5f3377f8862a4b25af1667cd7dfe66d2166bf0,Sortitio,DICE,18
1115,0x7b8ba9775e5e5ef661a6a4c5515890abce320226,Sortitio,DICE,18
1116,0x50913fa6b0f429202bd5b5ed36ee7cbdbd7488f5,Sortitio,DICE,18
1117,0xbf39822b97d7ee58838c86fca5b4ee4ce93c8255,Sky Sky,SKY,9
1118,0x10ea61680e0ef1497844f61dabe63acc930bcd3e,aToken,aToken,18
1119,0xa3189ecf43257837f45d3d695180be595c1596fe,TransInk,TRINK,18
1120,0xaa4c2467100a5bdc28fe0d22e7b6fafae366f78a,USD Coin,USDC,18
1121,0xd8088fb2049b2362075c2397f5c5644f1d5351f2,Wrapped Ether,WETH,18
1122,0x7c621ba0a366e4b65651b703de2899a3286ac05e,bToken,bToken,18
1123,0x87df84c10a7c11cc5ae9e3298619d9b7c538036a,XYZ2,XYZ2,18
1124,0xc4144c7305522e65fc105f9bf86f209e62b9fa5a,Sortitio,DICE,18
1125,0xbc9874b19dd22a98140e9e97c72b8d6f4eeddc24,Sortitio,DICE,18
1126,0x1ffcfc99212a1d693479726c954f41caeca51598,Sortitio,DICE,18
1127,0x388de26fb43e7314fdc19fa639f09b54b603d645,Sortitio,DICE,18
1128,0x021c6d7fbb42b68a2e76bfc6842e6f5bd6920f69,Sortitio,DICE,18
1129,0xc571d314504f920d328a6815dec1b7f39a39aef7,Sortitio,DICE,18
1130,0xebe5d8ed66263af2e591b8c326e52a1ebd61ed1b,Sortitio,DICE,18
1131,0x92e87e38eb97f5f6843e90130bb92525cfae6058,Sortitio,DICE,18
1132,0x41a27c14e039acc295c1050064a694a18616997c,Sortitio,DICE,18
1133,0x5d6ae71a9b580c10c4435968abc2bdcce66a3d61,USD Coin,USDC,18
1134,0xef0979e2cd5fd9b025685f7c8a71815f8bb2fff6,Wrapped Ether,WETH,18
1135,0x3dbdd9e8bb4570aaed22cf52cc5363c74181184c,Sortitio,DICE,18
1136,0x8425145da1009e41cdddb6f4c89329907089d59a,Sortitio,DICE,18
1137,0xfeb12f4d9be2365ae7777a2278616835149fa064,Sortitio,DICE,18
1138,0x85f005b7f9f48826cd6e2b164fce3a3b10e1feeb,Sortitio,DICE,18
1139,0x0ab5e9ac08de67fc8cf04b15747c0ae064d42360,Sortitio,DICE,18
1140,0x68202e21f70298ae996a5a210f62111897409822,Test Token,TEST,9
1141,0x8cbe034dfdffca3544ee67a5a899b510bbc384d0,testToken,TT,18
1142,0x733a7e1d2f95329b75e9b7c44862d7f7c008c0d1,Verified,VF,18
1143,0xe3553f0293b1cc8f8df7e493e8b7f349e9e84dd5,$BeavisandButtHead,$BBH,18
1144,0x479dfdfa2906c0835aa420645e7378e869342aa4,BRC20X,BRCX,18
1145,0xc5a3aa52f4c679ded6cadb2352e16d57cb2bfbaf,VPS AI,VPS,18
1146,0x7d782e37335565c251fe1c67fc59599c5b6f0437,Test Token,TEST,18
1147,0xc80801c75ffb58c8e96a5813b20793adb37c1b0e,Testa Token,TESTA,18
1148,0xad471ef067607890729dd8626b9e04ede30bdceb,LLL,LLL,18
1149,0x6889abb7b9598a0dd7e5851ad4604ec558a92beb,Test,TEST,9
1150,0x960ae6dc30dec51f92bf095d63664ca3a993c540,DEVbot,DEV,18
1151,0x35a16e3ceb80d3454dda9e476b6aad7bf199aafa,MarkSepoliaTextX,MSTX,18
1152,0x014a476c739f2f760261136a6018e412909fdbc1,Blifford,BLIFF,9
1153,0x55ad14c9a3414f23948f3268b517e5da3c965f2b,Besta Token,BESTA,18
1154,0xbafff42df25a0c0721b30ed5871a19756ac53c9a,Nesta Token,NESTA,18
1155,0x41c815ae8828bf5d428a8ddaacb9ffe07e6c030d,TokenB,TB,18
1156,0xe4c2ad5e2a11c99c33af4eb84fc857aff2f112d5,TokenA,TA,18
1157,0x3c18f780c1856d38d4a635fa7fc7ee3490b9a22c,Presale,PSE,18
1158,0x6bf20cdb98d770945ce13ed95cefffe9df2094b0,Presale,PSE,18
1159,0x65ffa945589fdab9f6df6eed91ce8cc4c25d47b1,Deepcave,Cave,18
1160,0xebfd7e70735e88d42da84c97fae6d87c09bbb2a8,MockINU,MockINU,18
1161,0x59b9529b91094c4e2ef8dcb535689e63f373413a,Deepcave,Cave,18
1162,0x587e0a828f5af01925c8314969cd1fb79ba690b5,ROBO MUMU,ROBO MUMU,18
1163,0x146b4aeccdc4e5729c8513bc419fff4f1999616d,LLL,LLL,18
1164,0xa4b9e72665be2c92a5c8e834599c189b20c86873,LLL,LLL,18
1165,0x260354ae8e23ba24a8281fe443e71571eb1c2027,ROBO MUMU,ROBO MUMU,18
1166,0xb79b4f039dec890b6a81d1fd97419276b7352cde,JAY,JAY,18
1167,0x076e5d7a1bc571a75e29785c0bffcacb7538ee31,Wrapped Ether,WETH,18
1168,0xb5d9e34a2fbbbaf2514dc2096bc56cd234f4bf53,VOLUME,VOL,18
1169,0xc2227db873955c0181640794ce48e8193149299e,Vespa Token,VESPA,18
1170,0x93628ff522eeabfdcd2bed186a841ce0bae7dbcc,VOL Presale,VOL,18
1171,0x6426af3ff078d53f119bcb51dd109b6b3c554dc0,VOL Presale,VOL,18
1172,0x682f6d8da4636aef77c1b47f5bb2ef3c0a1c29ab,KOT1,KOT1,6
1173,0xe82c56eb913de9d0bdefee1d981ccd1f6671d85d,KOT2,KOT2,6
1174,0x52e5351e135ad7ad66a9cc8f5e68ad822697b853,LLL,LLL,18
1175,0x5b0ec693fc6aa18a8b2848f9d0f2036657aa8eae,Vespa Token,VESPA,18
1176,0xcdba8d876768efd4cca8a0eabeb402e2856d0560,LLL,LLL,18
1177,0xc533f89ad939c283aae5b67ce98a0f398b92f990,LLL,LLL,18
1178,0xb4fd562a4a1c8bc8b46feb9a51de141db09868ed,ããã«,ããã«ã¡ã¯,9
1179,0xfd57b4ddbf88a4e07ff4e34c487b99af2fe82a05,CCIP-BnM,CCIP-BnM,18
1180,0xfe8a8308e0d26e85f9593a443bb61857f105c0b3,9INCH,9INCH,18
1181,0xa2f32b4a2d05e828955ae0a23c21d99bd2ed71fc,Few Wrapped USDC,fwUSDC,18
1182,0x46ed9de07ed6325e7f6b47fefda3792a163a9312,Few Wrapped ChainLink Token,fwLINK,18
1183,0xe62f09bb1391e8b9d9483b794feda3d76375de0e,Few Wrapped EURC,fwEURC,18
1184,0x7234b815d5cf166982ed398026b00fe10f2d9abe,SCISOR,SAS,18
1185,0xa8f17d93a1b2aa0e1620a8556a1d6fe70abe3611,CheetahBots AI,CHEETAH,18
1186,0xc4b33ea40d49303a776df32df75fbac9a049b6aa,TEST coin,TEST,18
1187,0x8fd3e56dfa743771223cd220ef43f4ea8bffcd46,TEST coin,TEST,18
1188,0x2216f1f1c91792e552bdbe0bf0d6da05f08c424c,KSAI,XKSHIELD,18
1189,0x5a2d921fd52992229d472c513292201a0020a698,SHIP,SHIP,18
1190,0xecf7ff9deb1943c35dcd55c786be85040cac831e,SHIP,SHIP,18
1191,0xa1a1a10cfa222a93f7fdf2f949a6bf01ca8c2d4a,KSAI,XKSHIELD,18
1192,0xbad3ce2c0893de8232ea8ea7567e9ae19978b1a0,TEST coin,TEST,18
1193,0x4d20ccae6d02488c47989f6efd657dadc90b40ea,Tether USD,USDT,18
1194,0xe589f2c06673eaa9a1ee6f8ae8558d9ce749e8d8,ChainLink Token,LINK,18
1195,0x1fcf4adfbc247b9ac6516e8b23deb7403edd5ecf,Presale,PSE,18
1196,0x3f2224824064df2c3d5bebc72ed0cb01102b6167,USD Coin,USDC,18
1197,0x7f430c90b9b160b55fc2c6fd17ce9d37df5ec5f1,Wrapped Ether,WETH,18
1198,0x30a35a377491dedaa36f0e28e4baba67a08771d6,USD Coin,USDC,18
1199,0x8c5d66d73ae12caf49c9238c2c5192e8bd18c746,Wrapped Ether,WETH,18
1200,0x008d5515e84f0cf9c32421b8c19d25e06ae30f16,SHIBA INU,SHIB,18
1201,0x3cb1d92fa35c56a312912f7e2e2cbd996a61e7d7,Wrapped Ether,WETH,18
1202,0x5701a1cefd8797a3922a2612a383758e6dd034b7,USD Coin,USDC,18
1203,0x118bb8d98c9802ff52b6cbe67338e0af4d8d4cda,Wrapped Ether,WETH,18
1204,0xb3d189972293bb665c71c33d2def8c3a78cf2b8d,USD Coin,USDC,18
1205,0x2650e93aab1d95c90fdf01f883a3252d9105a4ca,Wrapped Ether,WETH,18
1206,0x3de4b0bdf0a7ac24cae6873dd8d93f779caa598d,USD Coin,USDC,18
1207,0x3b4a634bf584e9b7479f94065518c2fba9d00026,Wrapped Ether,WETH,18
1208,0xa07d37db9690df58000446c28574c17d5056248e,USD Coin,USDC,18
1209,0x0db9144921756d253afc70254799b6e6c8f92b7a,USD Coin,USDC,18
1210,0x0fb226481245bbd037f3236e71a3306edb3d8c91,Wrapped Ether,WETH,18
1211,0x60316b15064f64cea609b27134f37281f758f8d5,Wrapped Ether,WETH,18
1212,0xf643240971d3e642d6f07bacc60f3072d73303ce,USD Coin,USDC,18
1213,0x0c8f111dc7746e0305d43cb74d185b47a46d5516,USD Coin,USDC,18
1214,0xd9547d64fde338aaa55d242f2e28b086c05f516b,Wrapped Ether,WETH,18
1215,0x066ff7e18ff7b7904c41c96009c57cdf859928df,USD Coin,USDC,18
1216,0xc49287fdb9492a5c6beebf7590daf4f78f49bdc1,Wrapped Ether,WETH,18
1217,0x715804d1546a721a8c77bfcfc76d0298e4111e55,testToken,TT,18
1218,0xbf3b9974195ce3c6e93519fea05ac3c89e4dc3c0,Test CHAMPS,TCHAMPS,18
1219,0x6cc82a3e68dc39657f21fd15e6ee614b379a6649,Azq3,AZQ3,18
1220,0x76f7f4e41784aea57f2b38b3dee04f5159a1356c,ZZZ,ZZZ,18
1221,0xeb447cd96ed4c9a01b6a2cca19a587982fb6be17,Dfloers,FLRDSD,18
1222,0x8bc3577f418037cb84179e48620480f31a979ff3,CaMaker,CAMKR,18
1223,0x6e1e9e977995e1a85d9eed950f1ee36adfb3697e,Test CHAMPS,TCHAMPS,18
1224,0xe967c91dbe6c2983adde2df262128522177afbe9,Starry61,STR61,18
1225,0x25499b7cfcccabc3dfe6dd9f180f4fa9e543f190,Starry62,STR62,18
1226,0x7af49d10b65039fc1409dc8d7f5550773a7c4bb0,Starry63,STR63,18
1227,0xc4f2c16973ac14c2bacfe09da4b75590f7b4ad5b,Wrapped Ether,WETH,18
1228,0xf42e78eb3671eca69ddee51bc6a3e98325bdfe7b,mfer,mfer,18
1229,0x208d04e33aee51a0341d595fe474bbba64a06f12,Example,EXM,18
1230,0x1cc0b9bfffca707cdab1e1c6c5323a8105b33689,Prince,prince,18
1231,0x6c07e371cbd67b2b1c3b451d8156f225d300063f,Prince,prince,18
1232,0xa1150479774f7ee58b9db7c73ee1560d236844e9,Prince,prince,18
1233,0xa1a1a13b8316dd8198ba734f4b2dd79d6b6440c2,KSAI,XKSHIELD,18
1234,0xb420e89afa5c5c5a582b74f0cc6e6bdd2a6640ad,Nebula,SKY,18
1235,0xb7d84c809faf3440af90b24770eecbff78fbd528,Uniswap V2,UNI-V2,18
1236,0xfa047ecac25990a6a75b65c0b523545708fd5c9d,Presale,PSE,18
1237,0x08713177be6cd833a1f093ce541bfb0213ffd503,Wrapped BTC,WBTC,18
1238,0x14291a165a17cc25698d2b9fdd0080e04ae6a774,Wrapped TAO,wTAO,18
1239,0x7c4253540d0e8c6acf7798e2c28274a6e4411eae,Kaspa,KAS,18
1240,0x343c0d9fe222109f223bc8fd9ff9c48351e63b90,Wrapped BNB,WBNB,18
1241,0x48b4cc6f6398d2b8ca4b306828bd672ad9435d54,Liquid staked Ether 2.0,stETH,18
1242,0x56fe7138f812665abbacccc8b706d5be8380fc16,Krypto Kraken,kkm,18
1243,0x4ea2cd7055010594b59ffa1a63e8928800d8ea43,Wrapped TON Coin,TONCOIN,18
1244,0xb0edd3285f1782e3004c5f763630c05869d93f09,TEST,TEST,9
1245,0x3dae67d44737c550c1905bbf692b15f769d09701,Presale,PSE,18
1246,0x834f17ea5724a16cdeb383944a5e0bfb757b0c31,NAME,SYMBOL,18
1247,0x680427548eea4aa839b6c9650fcc77fa61880d5b,TEST,TEST,9
1248,0xa051c4563c091389fc3434230180c0421aa02a15,USD Coin,USDC,6
1249,0xe238d46068974bddb22296f1227952b8fd0058f7,SOMA Tesla,sTSLA,18
1250,0xdd6646d3c8bcbd2c507f6d0165639a26fed9add2,Test CHAMPS,TCHAMPS,18
1251,0xf20ac4ec79ffea269da4426d9d267c16ae48badf,A,A,9
1252,0x8cf064ce89ebc581860a5e406ff66349664439cc,StohCoinOneERC20,SCOE2,0
1253,0xd9bc5353c5a2f3d83d225d8dc599489cd96c727e,StohCoinTwoERC20,SCTE,0
1254,0x50a0afcf2bd6fdef652681dc549c6b9ae2c9eba7,Presale,PSE,18
1255,0xd6dcae08fb8fbb544437d4ce762d2db2e656a8d8,Presale,PSE,18
1256,0x63118b7767954c626e6983f9f59ce3a9723cfd96,TEST,TEST,9
1257,0xff01abdb98bd3c65220f93d37f746346089ef61a,test,TEST,18
1258,0x2b6057acda59822eeb004308fd273b544a6ac985,test,TEST,18
1259,0xc20be8ec0434688867b6fb08433ae80735af4750,test,TEST,18
1260,0x3bcc55cf03592f43e6c88a935b283c612bc7501d,test,TEST,18
1261,0x5e7dc85263c14a18bb75181c543cf359a6ec2685,test,TEST,18
1262,0xe87f064d5b43bacc80cb6a2b5feb08d97b6d4813,test,TEST,18
1263,0x98826021b068423b78c341781c904af6f110acac,test,TEST,18
1264,0x83b36a5d1095e44e5d6560efd51c1595c891fcc2,NAME,SYMBOL,18
1265,0xacef621726854b4e2352bb1183053f59eea81273,USD Coin,USDC,18
1266,0xdc042e2a3d36c94e3c9a0b19e773fbdb74c5fe9a,Wrapped Ether,WETH,18
1267,0xafda93cf7837ff21a418c6dccb54f507c3bc7f3e,USD Coin,USDC,18
1268,0xb805064bdc2c98feca510260074310e196e1c4ea,Wrapped Ether,WETH,18
1269,0x0820b9d2314a5915fdcbdc2f929f9f61ffea3cb1,Wrapped Ether,WETH,18
1270,0xbc6968876524449d416aff6a7bca2495ca556d42,Sortitio,DICE,18
1271,0x233ca6901e89b46e4979e53e129f714801249816,Fire,FIRE,18
1272,0x6db40c3c9636cd5ca85a90846457dc6460edcb1e,Sortitio,DICE,18
1273,0xc8b0e2ae783637fac53c6235403178822143021e,Sortitio,DICE,18
1274,0xb232576ed47ca08c8ded8a0e11820be1d87fef5f,ATRON,ATRON,18
1275,0xf0a8812816351bd83cbcb6639e4fd9870ff36e72,TEST,TEST,18
1276,0x5588d7082d58dad02d5d253f331a278d75ff9331,BatCache,$BATCACHE,18
1277,0x197b653e1b4161a189e2afd14b3f80268517ad2a,Sortitio,DICE,18
1278,0x2d6e0dfd22d3d50c377198bc814a1670e4609247,xxxxxxx,xxxxxx,9
1279,0x1d94322e92b50377d8d695db9c96f1f4ba8868fe,Sortitio,DICE,18
1280,0x2318c2e9509402e7a23f31698cc692072d861464,SEP$MAD,SEP$MAD,18
1281,0xf0440355801ee1740842858f92049b2a0eead193,Sortitio,DICE,18
1282,0xceb8ca76bc3760e4896b7e2b730d94b1d81b812b,AICOIN,AICOIN,18
1283,0xf3ddfd561712e7f4912465fbb79d0921ff74987a,LLL,LLL,18
1284,0x4ca5774887df14c0e04a96e2109a933ff136919d,Sortitio,DICE,18
1285,0xd06c53f92176c12df4c695aa00d463131e831241,Sortitio,DICE,18
1286,0xf607e6f70e79002261bf0deb0c6468a452af3186,Baba Token,BABA,18
1287,0x124566bb32bc7e48a099a3397f761a35d15063ae,wada,awdaw,18
1288,0xed4df0f2246eeddfc32146d228d74c18b78d1dd6,wada,awdaw,18
1289,0x677d71994c80492cd728211411dd1d83c2ca3eb9,wada,awdaw,18
1290,0xa1c6290dea79ce793a3a7fdde40b462eb2a888be,wada,awdaw,18
1291,0x80ea2f027091020b19341d413e014ee46194146e,Sortitio,DICE,18
1292,0xe7299efdb98d94aa4c34e450327f49a8f99644f2,wada,awdaw,18
1293,0x18a38660b7b937b8f951d21fa12d3b726b1dd296,LLL,LLL,18
1294,0xe754f0dc541bd6a4c724ace07f50de3f5d1641bf,Sortitio,DICE,18
1295,0xc81626d0370217b7677d82dbeb399c77f081dba4,wada,awdaw,18
1296,0xb13047e4def15c316886e0ecda25f322516c7903,Sortitio,DICE,18
1297,0xd8a57e24890e910fbf94137c68ee09d80448947b,arew,sefse,18
1298,0x06b8fa299bd4750e143e5da629193f7e0af20705,HumanityCoin,MTK,18
1299,0xdb72c8afb190f967a6cb7245a704330c8361356f,TokenA,MTK,18
1300,0x67fc973698ccfbb61229111b56a4d76199680b3c,Starry64,STR64,18
1301,0xd5e83c2da7de35793c6bded366693cbcb69af0f1,token,token,18
1302,0x64eca74625b50c2925819885aa3a187501882831,LLL,LLL,18
1303,0xbd4b049e3fed2f153f01c35822ab970d3d274fcc,Motion Ai,MotionAi,18
1304,0x134ba0de118821c915eb1e908c9010cd32d4a856,COIN_NAME,COIN,18
1305,0x6e40c9aa0043ea47127016edb64d6a0a9dbe9347,ããã«,ããã«ã¡ã¯,9
1306,0xe93851689e2a9ccc0321d79b0ce281397c6deb41,Flan,FLN,18
1307,0xe4aba13bf7633df967fc315de0013702ef14e8b8,AICOIN,AICOIN,18
1308,0x9605b43aebdcf1c238565814c917184ac5acb40e,AICOIN,AICOIN,18
1309,0x9c8ce1064236dd9f0f1e5aeb283def7142351e03,LLL,LLL,18
1310,0x1eb99b963f66a430f1511112498e441ac61434da,token,token,18
1311,0x322fb8d75692a9fee2d8dda1a9b246a4cdb25cd8,Uniswap V2,UNI-V2,18
1312,0x618bac196db001f149ef66d63fbd7b54e33f3e3a,DAI,DAI,18
1313,0x12b9bf732cd1e577a7bb256ab3deed00e82a0709,EYE,EYE,18
1314,0xf75dd141048e0cf6ae2e6fc67ebed17108eac9b0,Anzeigenhauptmeister,$AZHM,18
1315,0x18d042c72ab6b366bc6a280087dc5d204ed8510f,PyroFlan,PyroFLN,18
1316,0xfabfb50bafdff68f604dc5a9d572b848c9cd1491,Anzeigenhauptmeister,$AZHM,18
1317,0xeb9f4194320b94653c992d67681d048623ac1bfe,LLL,LLL,18
1318,0xf444159f00582d8f4c70f07ac01233a7fe3e2c59,LLL,LLL,18
1319,0x7db333ae52e299c6d338c5ef1a9ab84a034e1be8,Wrapped Ether,WETH,18
1320,0xbe774ed1c3896b6045ddb6504b40ac9a34e8ba8d,Test Deploy 451,STEM10V2,18
1321,0x97f78a66ec5aeb1a109e06d003bf57841151371d,AICOIN,AICOIN,18
1322,0xf0d1dbd1260639087e15084947ea491ad07226e9,LLL,LLL,18
1323,0x27d028f1c4fb1bc62faa9150453769f867a7ab9c,UsdCoin,USDC,18
1324,0x38e0455aa8a78fcc05b63e0beaefa6d12ae17223,Tether,USDT,18
1325,0x57736191e7a941a2bc666674296aa796bd92b935,Wrapped Ether,WETH,18
1326,0x06225c0d87f13504abd12d12411c4fedc519da39,LLL,LLL,18
1327,0x09ed31b22e59e03cb5f7f82cd33872e852a97a22,LLL,LLL,18
1328,0x8a6c44bd8794a5104917a5e921ecb46c41524302,LLL,LLL,18
1329,0x09bd9341a2c31456e793af9538a4581852850fc9,Test Deploy 955,STEM10V2,18
1330,0xf2c1c18981bd8d5948fd30d849df621fe6291064,LLL,LLL,18
1331,0xf7775084cf3e54d9a39e444a98d79bc5b698dbda,AICOIN,AICOIN,18
1332,0xa027deb029b2d1c999dc3d52c1da5a733b24b489,Test Deploy 457,STEM10V2,18
1333,0xd8d2de2945eafd59d1cc8769690ccc2757ccbd63,Test,TEST,9
1334,0x7e66c21cb4157678d0fa990157576bd6b4e8d0e3,Teq Network,TEQ,18
1335,0xc0973ac5be2f01617c33bd8c1f474be1b169035d,Teq Network,TEQ,18
1336,0x7f57d37641697ed94a960128f7a5a5bb4b722f21,Bassetoodle,BASSE,18
1337,0x46cc0a4c89d8412b0d2b0c9fbc7314dc57a34199,Naran Token,NARAN,18
1338,0xa6b3a1bed6fb47b7eb6e8ceae55bfaa47e0c98f7,Naran Token,NARAN,18
1339,0x61f5578ab52c513c2928f8883907f492c68322fa,Naran Token,NARAN,18
1340,0xf97e9e19d00a0838a7e4437ec625ae93cad30922,Token,TKN,18
1341,0x7c2a7072e3704dad8e827e9e3e6b1e4a870f5300,Naran Token,NARAN,18
1342,0x0716cad3730f6450edb94907148fa1e55fc599ea,Baba Token,BABA,9
1343,0xf6fda168cb31d1f3b01ac9f70e2ef8404386f0a4,Naran Token,NARAN,18
1344,0xc9ef51a490f4eb75a69104de6fe0893fb762d492,Baba Token,BABA,9
1345,0x5a669e4005d3c1c0918498ed1e46a71c82aed0e5,Baba Token,BABA,9
1346,0xcc4460493c36aeeea1954ef702817bc0c8f392d3,Naran Token,NARAN,18
1347,0xd91c22fe606645a534576de7ee148a938db99994,TestBH,TBH,18
1348,0x05d4b28d3e3250a084e6c2173aabeb6ec4d54a41,anonymous,anon,18
1349,0x601c71abf1f453b3a33c74b6e43ba897928168bf,Prince,prince,18
1350,0xf61737717e2e6c4861d5774d79174d684f242d95,LLL,LLL,18
1351,0xfe8708f16e77223b330aa50cabd7a3ddaaacd3a6,LLL,LLL,18
1352,0x738719a2edc7938671a1c14733120ce7aff10e2b,TestGoerli,TGOERLI,18
1353,0xb4e84ced9ee92ae8b9905c4c6bd3ffb3c2764c4b,TOKEN_NAME,TOKEN_NAME,18
1354,0x723d82dd9c019b4acb4eb9b2c22508d920f64e01,Pepe,PEPE,18
1355,0x7fac6a2f905a7634b604ba0dace9763a0d412523,whiteAI,whiteAI,18
1356,0x5d1f89562558dd0d074017d1c63fa7943435d199,whiteAI,whiteAI,18
1357,0x0cf2cc8d5349c603f685b120872e86ec28c601ea,whiteAI,whiteAI,18
1358,0x851786e29d010f008d0eecbb4046d3a9dafd4877,whiteAI,whiteAI,18
1359,0xb0743f048b17b6e99a1a659582c05fabbc92bbbb,whiteAI,whiteAI,18
1360,0x496670af32b6d3d0dc529346f82c2ad46af13c62,whiteAI,whiteAI,18
1361,0x02dddbe20b042fa50b77095ed45f90b5ead4036f,LandX xToken,xSOY,18
1362,0xb08bd800ec365fe2014de2099ef26c5926240e86,LandX xToken,xRICE,18
1363,0x4a1f9d4f71a0fe3f6df40764a7108af647c579a5,LandX xToken,xWHEAT,18
1364,0x8bd31f626685b59b75d25d79b74d9b7b88a01119,LandX xToken,xCORN,18
1365,0x118f6c0090ffd227cbefe1c6d8a803198c4422f0,FUSDT,FUSDT,6
1366,0x9c97c5a457bf2f498abf72bbe3f8d4ad1a8a4210,TEST,TEST,18
1367,0x779b487d19bf8d818d603186a49a813221523e47,Turin Equity Token,TEQ,18
1368,0x459155ab0ecac3841dd375a134be800bce278878,Tutellus Equity Token,ETUT,18
1369,0x501e7d4588ed1aec8f35996c6a68eb2b85cedb6d,Redpill Token,RPILL,18
1370,0xc7399e04e83fbe8649f27655d7430cb7bd49f844,Prince,prince,18
1371,0x046fdce2858b5940acba42bb671b24b289854a69,WPconfigurator Token,WPCONF,18
1372,0x302c504a2bc5881e00d551b4cb74292e810e6cac,TEST,TEST,9
1373,0xac6db762fb84c5b316590a032333e7bb8c0c4ae2,TEST,TEST,9
1374,0xc0c46d9ae5a6d2fa8e302a3689f5052ac3c86e41,TEST,TEST,9
1375,0x3fc3e638960cd63ecb3fa53475f804284888a283,TEST,TEST,9
1376,0xbf090c8dda6272a64ce64ae3efd68976a78699c3,BOTTO,BOTTO,18
1377,0x26950908c8ed5374882cb2e6a0fb31b918070f2c,TEST,TEST,9
1378,0xfbf936274444841972f313ae697c7e1864732bc8,TEST,TEST,9
1379,0x87d79cd9d7fb13827df403f11a6a5e99a817ed87,ran,ran,18
1380,0x96da560248f8d11f0d9394f29647332c73bf9a73,TEST,TEST,9
1381,0x82617a8aea9b5475a3d293924d51e70b9ab56e8a,TEST,TEST,9
1382,0x1020fd73d8ef6077922894dacf2be35e7332fc92,TEST,TEST,9
1383,0x9b2a1fd0faf9d5915e2590e6054a18b996bc0e52,TEST,TEST,9
1384,0xb148db429e84c9a1a26907bbb4cc2b46cc6b48e2,TJ token,TJC,18
1385,0xa2dada4844d7829abba5f87815fdbd1c09964256,TEST,TEST,9
1386,0x0aee8a52c157fb4d60f2e8edc8705793f60dc6f8,TEST,TEST,9
1387,0x7910c4d9847c9f83c23f8bc7106121854244167d,TEST,TEST,9
1388,0x87fb6f56b61d2dd0d1fa3aefa99bb0dc626cd99d,TEST,TEST,9
1389,0xdfc3a85010a2d449923a9a5f7267e09d5689c6cb,TEST,TEST,9
1390,0xc1944ec9606e47dc6698019fee396483a0e5ff79,TEST,TEST,9
1391,0x2157debd88abb11c810daa9c69745a06f6974b2c,TEST,TEST,9
1392,0xc474c9a079d3d6af376d562c39c656aae8924bb9,BOTTO,BOTTO,18
1393,0xa1a1a147ffd2f5dc4d7fffe5efd7a57cffadb4a1,KSAI,XKSHIELD,18
1394,0xa1a1a1344e821fc287a5474191c83e910059b346,KSAI,XKSHIELD,18
1395,0x36e26009d09f248c6a6f4990e1736b9cb0717b9f,sToken,sToken,18
1396,0x1cb3ebad28f37bbfa5ae45b39aa410bec658833d,Ran,RanT,18
1397,0xdc6822a1d35f386fea1f4d195d19a15446119fe3,T-USDC,TUSDC,18
1398,0xf1f4a505b20077d04a56d4849a6697eca641cd52,T-USDT,TUSDT,18
1399,0xf5dc9806ca9d0a2f297cf9e3721fded90276d2ab,Army,ARMY,18
1400,0x6d4268e0681c0a25a4dd1332b20ce7e8f54071e3,test,test,5
1401,0xe3a73cc60fc540a01ef345d622e8e2bc6d4ecc8c,Test Token,TEST,9
1402,0xf81448f2d384151a40272dafdaf075ea500adb1d,test20,test20,18
1403,0x39d34a3711986462cc4cb5e6a3c94fa2aac6aadd,Test Token,TEST,5
1404,0xefeeda0a2d2da1334146e0c35bd2cd2b34fd8bb9,Anzeigenhauptmeister,$AZHM,18
1405,0xb9366a31b8086cffb3851778fc4b89376b885923,test21,test21,18
1406,0x3bead39776fcc848e8c099e87a22e201ddfe0080,Cult,CULT,18
1407,0xd0290945c528a3c76eb0ff90b6d37a75bedae9d3,test22,test22,18
1408,0x61d0fcfa9ddf265de6b93b6ba724ca438be11196,Cult,CULT,18
1409,0xf5640894f32060cd3ac5f49c2c9db994990ae56b,Baba Token,BABA,9
1410,0x2f5b749dab77f29c1ea673bccd8510d6c3f6cc0f,test30,test30,18
1411,0x5ab01ebc146c8abecee2aa37abce8dca8fa2ebb3,Gay,Gay,18
1412,0x91d2a222fe846d6345929fbec4e6a489d3b588bd,TB,TB,18
1413,0xc4334b1f0434757cbbce4e3463fc1ec559c585ed,MyPresale,MPSE,18
1414,0xd1e14d59fa4285c878e43f4fb594490610007abd,HijovialToken,HIJT,18
1415,0x4b358e3382fb963cff17e5c94edf7bd80b1f5115,MyPresale,MPSE,18
1416,0x304e36fc88f2009ac4c9978555a9a36f171fec2b,LLL,LLL,18
1417,0xe4f8cd836a5529f6fe7f6b2711eb6b4f01ca4e7a,LLL,LLL,18
1418,0xa4391fa5710ae0a83a762132c150578ba2bd1568,LLL,LLL,18
1419,0xaab6c1e0ce7d807b0330b2cd1b857f491c55d6be,LLL,LLL,18
1420,0x07d397d6e4fb01a0785d6e41ae4c8aaafbd0573c,LLL,LLL,18
1421,0x32f14b1b3547677c5379c6ca1f859902438c9dfc,ERC20Token,ERC20Mock,6
1422,0x125739614864bdec11d0b8cad7eaee2e019fc304,SOLIDITY18,SOL18,18
1423,0xeb093e5eccdd5da7d85f8b0844debb9fbdc693bc,LLL,LLL,18
1424,0x70865910cf08676d17356732479492d74d29a0fa,LLL,LLL,18
1425,0x92ca74fbfa97a1f959388eece568df9bf4a5c0a7,Tether,USDT,18
1426,0xf2d2aca93db444f9012d41824dcd045c2e10f348,YESorNO,YON,9
1427,0xc2b925dfadceff81f88d1e0752d46d37e1d3c385,LLL,LLL,18
1428,0x51f73931579a9d405ce46358154696436b5692ad,LLL,LLL,18
1429,0x1996e1731b9d8f4fd85cb1a2990ebee19b767305,MyPresale,MPSE,18
1430,0x7ef2698120ca80fff669607940b4955172c77cd0,Naran Token,NARAN,18
1431,0x678d68e50d664f0629df5f52a07d5d7e21756601,LLL,LLL,18
1432,0x3e1244b297cd38b396ab9dd6e0feefc8be19eb58,Token,TKN,18
1433,0x98371e74f5d1b6947da1b3d53ac5edbc292e135f,LLL,LLL,18
1434,0xa61add04bf8f6156350c0cf22321353c6e6428a6,LLL,LLL,18
1435,0x09169b3808642f0d7c68089f3270905ca0da2314,Naran Token,NARAN,18
1436,0xb055e5b3fd4ac966b9bbc1b0d021cb3bbc4bf215,Token Name,TKN,9
1437,0x95ee8cb3465e34096e43b3cba0684dd5954c89ba,Token Name,TKN,9
1438,0x9484ddac9fae4080c438f6ee6759f55931729076,LLL,LLL,18
1439,0xf71ca1acd7871ee94300aa1034b289c8f436d98b,LLL,LLL,18
1440,0xf18e39ee9188a4ad85a75eea38b614fb638f5947,Wrap coin,WRAP,18
1441,0xa505379c74b933ee0458d9dd5aa9e25a60b6d7f1,Wrap coin,WRAP,18
1442,0x4b75e62c72ea88220fb52c9de389bf77c21c27d9,Token,TKN,9
1443,0x0228b49cc94ef37a02f9cd3f9bb80e5fe62feb31,Token,TKN,18
1444,0x2b12fbbad6c7fc4638527b129186c595f55d15cd,Naran Token,NARAN,18
1445,0x7fc72d28e7af5b02f2e9ee78f26d9522af07cfe7,Tao Dao,TAODAO,18
1446,0x6dcce5f4668bed4e452a315934d29b8006ca7ac7,Tao Dao,TAODAO,18
1447,0x9a3414fed7e5626dbec81e3ca539e1868e107ae5,Naran Token,NARAN,18
1448,0x3bdce73619d292233efcf8115dda64bfd258673f,Tao Dao,TAODAO,18
1449,0xf8fb3713d459d7c1018bd0a49d19b4c44290ebe5,LINK,LINK,18
1450,0xff34b3d4aee8ddcd6f9afffb6fe49bd371b8a357,DAI,DAI,18
1451,0xf32ba62c13149f6704b34d4c433068fbb9568ceb,Tao Dao,TAODAO,18
1452,0xe0c46a93b171b0a37222edf34155a58fd33db036,Yet Another Shit Wif Hat!,YASHAT,18
1453,0xcea3f7e5f354150be5ed4ba75c96375cd2c976de,Tao Dao,TAODAO,18
1454,0x2926407ce421d15b9c83c7cb5e9101404f5f2492,Tao Dao,TAODAO,18
1455,0x4f7a1540e52f04af2dfdcb9c28bc17daea6f1872,Tao Dao,TAODAO,18
1456,0x7fe1b894c439a225dd94aa6829bc1475374267ec,R0AR TOKEN,R0AR,18
1457,0x4dc2049e4303a64d3873dfb23b71826a1127ecd4,Token,TKN,9
1458,0x4308cf58bf9a803cb1ebf02d0af840227cab3000,Tao Dao,TAODAO,18
1459,0x1c8a4d2f76417a8065305aff4a5d4d1d52e2fb8c,ForkFrenPet Token,FFP,18
1460,0xc6d43198224ac00708fdc319f5809dabe6b0a06e,fToken,fToken,18
1461,0x28533dbc49535f1e5ec7268ef8f2649704e7febb,ZeroX,ZERO,9
1462,0x6467dbcab7140f86114cec4aedb5f5a9cadf6d43,Olyron,OLL,9
1463,0x16a15b68e910885cd819931a71cb796c013992f8,Naran Token,NARAN,18
1464,0x40aaa10664d530729544178bb69bdf9cff5877dd,Starry65,STR65,18
1465,0x9bcf5b10536250a0f835a3f90e6baa5586390fce,Naran Token,NARAN,18
1466,0x6d7e3036cdd552462cfba8fc6271f405530e43ad,ABCD Token,ABCD,18
1467,0x9bb6119013c97c6d6bb8efde0f36ea54c6779040,Tao Dao,TAODAO,18
1468,0x8cd9b96a9be5a152d145e06cf734df2ef5ba35cb,ABCD Token,ABCD,18
1469,0x95c93e7ddb82fe3bd907351a1c9449b348995900,Tao Dao,TAODAO,18
1470,0x4d010bf4e88a09218f9c3a8a38e70a3947c3e5ba,Tao Dao,TAODAO,18
1471,0x5f61aeaeea252c4a99fa21aff8521d115e681c70,Tao Dao,TAODAO,18
1472,0x8b56fa99574eb8a9b6cd0a984b791104e0958a27,FastTruckCoin,FTCoin,18
1473,0x6a983b5c5582b9db1e1945343e0ca7d20d8d6261,Sortitio,DICE,18
1474,0xc6fc36c310ccf11605713fac9a3b846c0f116657,testaa,testaa,9
1475,0x42fc1eb086c5f671e635a754d28ff93f21470642,Starry66,STR66,18
1476,0x4ec3432538977d17b3545702982fc7d4b01e2db7,test2wqrwqwq,pogisag,18
1477,0xbabcae0cd73882411fcdf32dae4635c5ea145b5f,Starry67,STR67,18
1478,0x7db9ef61e0f5c51b89a963aebaacbf28889fb37e,TESTLOCKERTOKEN,TEST,18
1479,0x8c03dbd6a52d19a907df41f58913ba630d6cb35f,Starry68,STR68,18
1480,0x79bc3fd5c308e72765937d6d51cb55e117692cce,Sortitio,DICE,18
1481,0x08acaac3265e79787b7964c05eb0dc03bfedd00c,RUGAI,RUGAI,9
1482,0x08d3b2c49a73c31380f4ba36380e5d5b974ae11d,SashaHunter2,SashaHunter2,18
1483,0x39b0ff3f15234ab0c3b685e4948ab9a404ed4ea1,LLL,LLL,18
1484,0x26e637dd0eb16beb3e78961f5bfefe6598069f33,Lisbon,LISB,18
1485,0x0af8e6c4afbbea07183abf8df1da4e71dd5968aa,SashaHunter3,SashaHunter3,18
1486,0x78eca80a2fae8f21adf3def2f8c5b30201db871a,safsp,ewprifwei,18
1487,0x0548b44c3b704a4dbde70405189828a13b64e197,temp4,sagas,9
1488,0x517e589f359f1c3368c4c1829877be5c53c45e41,SashaHunter4,SashaHunter4,18
1489,0xe4b553269bc5f1d1dfbabbc2005edc2803f09cd6,LLL,LLL,18
